SKU,Actual_Month,Actual_Value,Prediction_Month,Prediction_Value,Prediction_Actual
SKU_1,2025-01,55,2025-02,54,55
SKU_1,2025-01,55,2025-03,48,50
SKU_1,2025-01,55,2025-04,51,52
SKU_1,2025-01,55,2025-05,55,54
SKU_1,2025-01,55,2025-06,56,59
SKU_1,2025-01,55,2025-07,55,57
SKU_1,2025-01,55,2025-08,52,55
SKU_1,2025-01,55,2025-09,50,52
SKU_1,2025-01,55,2025-10,50,48
SKU_1,2025-01,55,2025-11,36,36
SKU_1,2025-01,55,2025-12,41,41
SKU_1,2025-01,55,2026-01,43,45
SKU_1,2025-02,55,2025-03,50,50
SKU_1,2025-02,55,2025-04,52,52
SKU_1,2025-02,55,2025-05,52,54
SKU_1,2025-02,55,2025-06,59,30
SKU_1,2025-02,55,2025-07,56,57
SKU_1,2025-02,55,2025-08,55,55
SKU_1,2025-02,55,2025-09,53,52
SKU_1,2025-02,55,2025-10,46,48
SKU_1,2025-02,55,2025-11,35,36
SKU_1,2025-02,55,2025-12,41,41
SKU_1,2025-02,55,2026-01,45,45
SKU_1,2025-02,55,2026-02,39,38
SKU_1,2025-03,50,2025-04,53,52
SKU_1,2025-03,50,2025-05,52,54
SKU_1,2025-03,50,2025-06,57,59
SKU_1,2025-03,50,2025-07,58,57
SKU_1,2025-03,50,2025-08,52,55
SKU_1,2025-03,50,2025-09,53,52
SKU_1,2025-03,50,2025-10,50,48
SKU_1,2025-03,50,2025-11,36,36
SKU_1,2025-03,50,2025-12,40,41
SKU_1,2025-03,50,2026-01,46,45
SKU_1,2025-03,50,2026-02,38,38
SKU_1,2025-03,50,2026-03,36,36
SKU_1,2025-04,52,2025-05,56,54
SKU_1,2025-04,52,2025-06,59,118
SKU_1,2025-04,52,2025-07,59,57
SKU_1,2025-04,52,2025-08,57,55
SKU_1,2025-04,52,2025-09,51,52
SKU_1,2025-04,52,2025-10,46,48
SKU_1,2025-04,52,2025-11,34,36
SKU_1,2025-04,52,2025-12,39,41
SKU_1,2025-04,52,2026-01,43,45
SKU_1,2025-04,52,2026-02,39,38
SKU_1,2025-04,52,2026-03,35,36
SKU_1,2025-04,52,2026-04,32,33
SKU_1,2025-05,54,2025-06,61,59
SKU_1,2025-05,54,2025-07,54,57
SKU_1,2025-05,54,2025-08,56,55
SKU_1,2025-05,54,2025-09,51,52
SKU_1,2025-05,54,2025-10,46,48
SKU_1,2025-05,54,2025-11,36,36
SKU_1,2025-05,54,2025-12,41,41
SKU_1,2025-05,54,2026-01,47,45
SKU_1,2025-05,54,2026-02,39,38
SKU_1,2025-05,54,2026-03,37,36
SKU_1,2025-05,54,2026-04,32,33
SKU_1,2025-05,54,2026-05,29,30
SKU_1,2025-06,59,2025-07,58,57
SKU_1,2025-06,59,2025-08,56,55
SKU_1,2025-06,59,2025-09,55,52
SKU_1,2025-06,59,2025-10,48,48
SKU_1,2025-06,59,2025-11,35,71
SKU_1,2025-06,59,2025-12,42,41
SKU_1,2025-06,59,2026-01,44,45
SKU_1,2025-06,59,2026-02,40,38
SKU_1,2025-06,59,2026-03,38,36
SKU_1,2025-06,59,2026-04,33,33
SKU_1,2025-06,59,2026-05,30,30
SKU_1,2025-06,59,2026-06,20,19
SKU_1,2025-07,57,2025-08,53,55
SKU_1,2025-07,57,2025-09,55,52
SKU_1,2025-07,57,2025-10,48,48
SKU_1,2025-07,57,2025-11,37,36
SKU_1,2025-07,57,2025-12,40,41
SKU_1,2025-07,57,2026-01,47,45
SKU_1,2025-07,57,2026-02,38,38
SKU_1,2025-07,57,2026-03,34,36
SKU_1,2025-07,57,2026-04,34,33
SKU_1,2025-07,57,2026-05,28,30
SKU_1,2025-07,57,2026-06,19,19
SKU_1,2025-07,57,2026-07,17,32
SKU_1,2025-08,55,2025-09,55,52
SKU_1,2025-08,55,2025-10,49,48
SKU_1,2025-08,55,2025-11,36,36
SKU_1,2025-08,55,2025-12,41,41
SKU_1,2025-08,55,2026-01,44,45
SKU_1,2025-08,55,2026-02,37,38
SKU_1,2025-08,55,2026-03,37,36
SKU_1,2025-08,55,2026-04,34,33
SKU_1,2025-08,55,2026-05,30,30
SKU_1,2025-08,55,2026-06,20,19
SKU_1,2025-08,55,2026-07,16,16
SKU_1,2025-08,55,2026-08,19,19
SKU_1,2025-09,52,2025-10,46,48
SKU_1,2025-09,52,2025-11,36,36
SKU_1,2025-09,52,2025-12,41,41
SKU_1,2025-09,52,2026-01,47,45
SKU_1,2025-09,52,2026-02,37,38
SKU_1,2025-09,52,2026-03,35,36
SKU_1,2025-09,52,2026-04,32,33
SKU_1,2025-09,52,2026-05,33,30
SKU_1,2025-09,52,2026-06,19,19
SKU_1,2025-09,52,2026-07,16,16
SKU_1,2025-09,52,2026-08,19,19
SKU_1,2025-09,52,2026-09,33,32
SKU_1,2025-10,48,2025-11,59,36
SKU_1,2025-10,48,2025-12,64,41
SKU_1,2025-10,48,2026-01,71,45
SKU_1,2025-10,48,2026-02,61,38
SKU_1,2025-10,48,2026-03,60,36
SKU_1,2025-10,48,2026-04,59,33
SKU_1,2025-10,48,2026-05,54,30
SKU_1,2025-10,48,2026-06,44,19
SKU_1,2025-10,48,2026-07,42,16
SKU_1,2025-10,48,2026-08,42,19
SKU_1,2025-10,48,2026-09,59,32
SKU_1,2025-10,48,2026-10,61,35
SKU_1,2025-11,36,2025-12,65,41
SKU_1,2025-11,36,2026-01,68,45
SKU_1,2025-11,36,2026-02,64,38
SKU_1,2025-11,36,2026-03,61,36
SKU_1,2025-11,36,2026-04,58,33
SKU_1,2025-11,36,2026-05,56,30
SKU_1,2025-11,36,2026-06,43,19
SKU_1,2025-11,36,2026-07,41,16
SKU_1,2025-11,36,2026-08,43,19
SKU_1,2025-11,36,2026-09,57,32
SKU_1,2025-11,36,2026-10,58,35
SKU_1,2025-11,36,2026-11,59,36
SKU_1,2025-12,41,2026-01,68,45
SKU_1,2025-12,41,2026-02,64,38
SKU_1,2025-12,41,2026-03,65,36
SKU_1,2025-12,41,2026-04,58,33
SKU_1,2025-12,41,2026-05,56,30
SKU_1,2025-12,41,2026-06,44,19
SKU_1,2025-12,41,2026-07,41,16
SKU_1,2025-12,41,2026-08,45,19
SKU_1,2025-12,41,2026-09,56,32
SKU_1,2025-12,41,2026-10,61,35
SKU_1,2025-12,41,2026-11,59,36
SKU_1,2025-12,41,2026-12,60,33
SKU_1,2026-01,45,2026-02,36,38
SKU_1,2026-01,45,2026-03,38,36
SKU_1,2026-01,45,2026-04,33,33
SKU_1,2026-01,45,2026-05,31,30
SKU_1,2026-01,45,2026-06,18,19
SKU_1,2026-01,45,2026-07,16,16
SKU_1,2026-01,45,2026-08,20,19
SKU_1,2026-01,45,2026-09,32,32
SKU_1,2026-01,45,2026-10,35,35
SKU_1,2026-01,45,2026-11,36,36
SKU_1,2026-01,45,2026-12,33,33
SKU_1,2026-02,38,2026-03,37,36
SKU_1,2026-02,38,2026-04,33,33
SKU_1,2026-02,38,2026-05,31,30
SKU_1,2026-02,38,2026-06,18,19
SKU_1,2026-02,38,2026-07,16,16
SKU_1,2026-02,38,2026-08,20,19
SKU_1,2026-02,38,2026-09,34,32
SKU_1,2026-02,38,2026-10,34,35
SKU_1,2026-02,38,2026-11,36,36
SKU_1,2026-02,38,2026-12,33,33
SKU_1,2026-03,36,2026-04,32,33
SKU_1,2026-03,36,2026-05,30,30
SKU_1,2026-03,36,2026-06,19,19
SKU_1,2026-03,36,2026-07,16,16
SKU_1,2026-03,36,2026-08,19,19
SKU_1,2026-03,36,2026-09,37,32
SKU_1,2026-03,36,2026-10,36,35
SKU_1,2026-03,36,2026-11,36,36
SKU_1,2026-03,36,2026-12,33,33
SKU_1,2026-04,33,2026-05,29,30
SKU_1,2026-04,33,2026-06,17,19
SKU_1,2026-04,33,2026-07,17,16
SKU_1,2026-04,33,2026-08,19,39
SKU_1,2026-04,33,2026-09,31,32
SKU_1,2026-04,33,2026-10,39,35
SKU_1,2026-04,33,2026-11,37,36
SKU_1,2026-04,33,2026-12,34,33
SKU_1,2026-05,30,2026-06,19,19
SKU_1,2026-05,30,2026-07,16,16
SKU_1,2026-05,30,2026-08,20,19
SKU_1,2026-05,30,2026-09,34,32
SKU_1,2026-05,30,2026-10,33,35
SKU_1,2026-05,30,2026-11,34,36
SKU_1,2026-05,30,2026-12,33,33
SKU_1,2026-06,19,2026-07,17,16
SKU_1,2026-06,19,2026-08,20,19
SKU_1,2026-06,19,2026-09,31,32
SKU_1,2026-06,19,2026-10,35,35
SKU_1,2026-06,19,2026-11,35,36
SKU_1,2026-06,19,2026-12,35,33
SKU_1,2026-07,16,2026-08,23,19
SKU_1,2026-07,16,2026-09,33,32
SKU_1,2026-07,16,2026-10,35,35
SKU_1,2026-07,16,2026-11,35,36
SKU_1,2026-07,16,2026-12,33,33
SKU_1,2026-08,19,2026-09,31,32
SKU_1,2026-08,19,2026-10,36,35
SKU_1,2026-08,19,2026-11,37,36
SKU_1,2026-08,19,2026-12,35,33
SKU_1,2026-09,32,2026-10,36,35
SKU_1,2026-09,32,2026-11,36,36
SKU_1,2026-09,32,2026-12,34,33
SKU_1,2026-10,35,2026-11,37,71
SKU_1,2026-10,35,2026-12,34,33
SKU_1,2026-11,36,2026-12,32,33
SKU_2,2025-01,59,2025-02,58,55
SKU_2,2025-01,59,2025-03,48,50
SKU_2,2025-01,59,2025-04,54,52
SKU_2,2025-01,59,2025-05,54,54
SKU_2,2025-01,59,2025-06,58,59
SKU_2,2025-01,59,2025-07,58,57
SKU_2,2025-01,59,2025-08,55,55
SKU_2,2025-01,59,2025-09,52,105
SKU_2,2025-01,59,2025-10,46,48
SKU_2,2025-01,59,2025-11,33,36
SKU_2,2025-01,59,2025-12,41,41
SKU_2,2025-01,59,2026-01,46,45
SKU_2,2025-02,56,2025-03,50,50
SKU_2,2025-02,56,2025-04,54,52
SKU_2,2025-02,56,2025-05,54,54
SKU_2,2025-02,56,2025-06,60,59
SKU_2,2025-02,56,2025-07,59,57
SKU_2,2025-02,56,2025-08,54,55
SKU_2,2025-02,56,2025-09,50,52
SKU_2,2025-02,56,2025-10,46,48
SKU_2,2025-02,56,2025-11,37,36
SKU_2,2025-02,56,2025-12,41,41
SKU_2,2025-02,56,2026-01,46,45
SKU_2,2025-02,56,2026-02,37,38
SKU_2,2025-03,64,2025-04,50,52
SKU_2,2025-03,64,2025-05,51,54
SKU_2,2025-03,64,2025-06,58,59
SKU_2,2025-03,64,2025-07,57,57
SKU_2,2025-03,64,2025-08,54,55
SKU_2,2025-03,64,2025-09,52,52
SKU_2,2025-03,64,2025-10,50,48
SKU_2,2025-03,64,2025-11,35,36
SKU_2,2025-03,64,2025-12,41,81
SKU_2,2025-03,64,2026-01,46,45
SKU_2,2025-03,64,2026-02,38,38
SKU_2,2025-03,64,2026-03,37,36
SKU_2,2025-04,63,2025-05,56,54
SKU_2,2025-04,63,2025-06,62,59
SKU_2,2025-04,63,2025-07,55,57
SKU_2,2025-04,63,2025-08,60,110
SKU_2,2025-04,63,2025-09,52,52
SKU_2,2025-04,63,2025-10,47,48
SKU_2,2025-04,63,2025-11,36,36
SKU_2,2025-04,63,2025-12,43,41
SKU_2,2025-04,63,2026-01,45,45
SKU_2,2025-04,63,2026-02,37,38
SKU_2,2025-04,63,2026-03,37,36
SKU_2,2025-04,63,2026-04,32,33
SKU_2,2025-05,56,2025-06,57,59
SKU_2,2025-05,56,2025-07,55,57
SKU_2,2025-05,56,2025-08,53,55
SKU_2,2025-05,56,2025-09,51,52
SKU_2,2025-05,56,2025-10,47,48
SKU_2,2025-05,56,2025-11,36,36
SKU_2,2025-05,56,2025-12,39,41
SKU_2,2025-05,56,2026-01,48,45
SKU_2,2025-05,56,2026-02,43,38
SKU_2,2025-05,56,2026-03,36,36
SKU_2,2025-05,56,2026-04,33,33
SKU_2,2025-05,56,2026-05,29,30
SKU_2,2025-06,60,2025-07,55,57
SKU_2,2025-06,60,2025-08,52,55
SKU_2,2025-06,60,2025-09,51,52
SKU_2,2025-06,60,2025-10,47,48
SKU_2,2025-06,60,2025-11,35,36
SKU_2,2025-06,60,2025-12,39,41
SKU_2,2025-06,60,2026-01,43,45
SKU_2,2025-06,60,2026-02,38,38
SKU_2,2025-06,60,2026-03,35,36
SKU_2,2025-06,60,2026-04,32,33
SKU_2,2025-06,60,2026-05,30,30
SKU_2,2025-06,60,2026-06,20,19
SKU_2,2025-07,53,2025-08,52,55
SKU_2,2025-07,53,2025-09,54,52
SKU_2,2025-07,53,2025-10,49,48
SKU_2,2025-07,53,2025-11,31,36
SKU_2,2025-07,53,2025-12,42,41
SKU_2,2025-07,53,2026-01,47,45
SKU_2,2025-07,53,2026-02,36,76
SKU_2,2025-07,53,2026-03,35,36
SKU_2,2025-07,53,2026-04,34,33
SKU_2,2025-07,53,2026-05,30,30
SKU_2,2025-07,53,2026-06,19,10
SKU_2,2025-07,53,2026-07,16,16
SKU_2,2025-08,53,2025-09,49,52
SKU_2,2025-08,53,2025-10,48,48
SKU_2,2025-08,53,2025-11,36,36
SKU_2,2025-08,53,2025-12,40,41
SKU_2,2025-08,53,2026-01,45,45
SKU_2,2025-08,53,2026-02,39,38
SKU_2,2025-08,53,2026-03,35,36
SKU_2,2025-08,53,2026-04,32,33
SKU_2,2025-08,53,2026-05,30,30
SKU_2,2025-08,53,2026-06,20,38
SKU_2,2025-08,53,2026-07,16,16
SKU_2,2025-08,53,2026-08,19,19
SKU_2,2025-09,42,2025-10,46,48
SKU_2,2025-09,42,2025-11,35,36
SKU_2,2025-09,42,2025-12,41,41
SKU_2,2025-09,42,2026-01,44,45
SKU_2,2025-09,42,2026-02,37,38
SKU_2,2025-09,42,2026-03,36,36
SKU_2,2025-09,42,2026-04,31,33
SKU_2,2025-09,42,2026-05,29,30
SKU_2,2025-09,42,2026-06,19,19
SKU_2,2025-09,42,2026-07,16,16
SKU_2,2025-09,42,2026-08,19,19
SKU_2,2025-09,42,2026-09,34,32
SKU_2,2025-10,35,2025-11,61,36
SKU_2,2025-10,35,2025-12,66,41
SKU_2,2025-10,35,2026-01,72,45
SKU_2,2025-10,35,2026-02,63,38
SKU_2,2025-10,35,2026-03,60,36
SKU_2,2025-10,35,2026-04,58,33
SKU_2,2025-10,35,2026-05,55,30
SKU_2,2025-10,35,2026-06,45,19
SKU_2,2025-10,35,2026-07,41,16
SKU_2,2025-10,35,2026-08,44,19
SKU_2,2025-10,35,2026-09,57,32
SKU_2,2025-10,35,2026-10,59,35
SKU_2,2025-11,35,2025-12,66,41
SKU_2,2025-11,35,2026-01,71,45
SKU_2,2025-11,35,2026-02,62,38
SKU_2,2025-11,35,2026-03,63,72
SKU_2,2025-11,35,2026-04,58,33
SKU_2,2025-11,35,2026-05,54,30
SKU_2,2025-11,35,2026-06,43,19
SKU_2,2025-11,35,2026-07,41,16
SKU_2,2025-11,35,2026-08,44,19
SKU_2,2025-11,35,2026-09,56,32
SKU_2,2025-11,35,2026-10,59,35
SKU_2,2025-11,35,2026-11,60,36
SKU_2,2025-12,38,2026-01,69,45
SKU_2,2025-12,38,2026-02,65,38
SKU_2,2025-12,38,2026-03,57,36
SKU_2,2025-12,38,2026-04,58,33
SKU_2,2025-12,38,2026-05,54,30
SKU_2,2025-12,38,2026-06,45,10
SKU_2,2025-12,38,2026-07,41,16
SKU_2,2025-12,38,2026-08,44,19
SKU_2,2025-12,38,2026-09,59,32
SKU_2,2025-12,38,2026-10,61,35
SKU_2,2025-12,38,2026-11,62,36
SKU_2,2025-12,38,2026-12,58,33
SKU_2,2026-01,39,2026-02,37,38
SKU_2,2026-01,39,2026-03,37,36
SKU_2,2026-01,39,2026-04,34,33
SKU_2,2026-01,39,2026-05,30,30
SKU_2,2026-01,39,2026-06,19,19
SKU_2,2026-01,39,2026-07,16,32
SKU_2,2026-01,39,2026-08,17,19
SKU_2,2026-01,39,2026-09,31,32
SKU_2,2026-01,39,2026-10,34,35
SKU_2,2026-01,39,2026-11,35,36
SKU_2,2026-01,39,2026-12,33,33
SKU_2,2026-02,37,2026-03,35,36
SKU_2,2026-02,37,2026-04,32,33
SKU_2,2026-02,37,2026-05,30,30
SKU_2,2026-02,37,2026-06,19,19
SKU_2,2026-02,37,2026-07,16,32
SKU_2,2026-02,37,2026-08,19,19
SKU_2,2026-02,37,2026-09,32,32
SKU_2,2026-02,37,2026-10,35,35
SKU_2,2026-02,37,2026-11,34,36
SKU_2,2026-02,37,2026-12,33,33
SKU_2,2026-03,35,2026-04,32,33
SKU_2,2026-03,35,2026-05,28,30
SKU_2,2026-03,35,2026-06,20,19
SKU_2,2026-03,35,2026-07,16,16
SKU_2,2026-03,35,2026-08,20,19
SKU_2,2026-03,35,2026-09,32,32
SKU_2,2026-03,35,2026-10,32,35
SKU_2,2026-03,35,2026-11,36,36
SKU_2,2026-03,35,2026-12,34,33
SKU_2,2026-04,27,2026-05,30,30
SKU_2,2026-04,27,2026-06,19,19
SKU_2,2026-04,27,2026-07,16,16
SKU_2,2026-04,27,2026-08,20,19
SKU_2,2026-04,27,2026-09,33,32
SKU_2,2026-04,27,2026-10,36,35
SKU_2,2026-04,27,2026-11,34,36
SKU_2,2026-04,27,2026-12,34,33
SKU_2,2026-05,23,2026-06,20,19
SKU_2,2026-05,23,2026-07,16,16
SKU_2,2026-05,23,2026-08,19,19
SKU_2,2026-05,23,2026-09,33,32
SKU_2,2026-05,23,2026-10,35,17
SKU_2,2026-05,23,2026-11,37,36
SKU_2,2026-05,23,2026-12,32,33
SKU_2,2026-06,21,2026-07,17,16
SKU_2,2026-06,21,2026-08,19,19
SKU_2,2026-06,21,2026-09,31,32
SKU_2,2026-06,21,2026-10,33,35
SKU_2,2026-06,21,2026-11,37,36
SKU_2,2026-06,21,2026-12,34,33
SKU_2,2026-07,26,2026-08,19,19
SKU_2,2026-07,26,2026-09,29,65
SKU_2,2026-07,26,2026-10,36,35
SKU_2,2026-07,26,2026-11,35,36
SKU_2,2026-07,26,2026-12,34,33
SKU_2,2026-08,27,2026-09,32,32
SKU_2,2026-08,27,2026-10,34,35
SKU_2,2026-08,27,2026-11,35,36
SKU_2,2026-08,27,2026-12,33,17
SKU_2,2026-09,18,2026-10,35,17
SKU_2,2026-09,18,2026-11,36,36
SKU_2,2026-09,18,2026-12,32,67
SKU_2,2026-10,19,2026-11,37,36
SKU_2,2026-10,19,2026-12,33,33
SKU_2,2026-11,17,2026-12,33,33
SKU_3,2025-01,60,2025-02,57,55
SKU_3,2025-01,60,2025-03,50,50
SKU_3,2025-01,60,2025-04,50,52
SKU_3,2025-01,60,2025-05,56,54
SKU_3,2025-01,60,2025-06,60,59
SKU_3,2025-01,60,2025-07,56,57
SKU_3,2025-01,60,2025-08,53,55
SKU_3,2025-01,60,2025-09,54,105
SKU_3,2025-01,60,2025-10,49,48
SKU_3,2025-01,60,2025-11,36,36
SKU_3,2025-01,60,2025-12,42,41
SKU_3,2025-01,60,2026-01,47,45
SKU_3,2025-02,66,2025-03,48,50
SKU_3,2025-02,66,2025-04,51,52
SKU_3,2025-02,66,2025-05,52,54
SKU_3,2025-02,66,2025-06,61,59
SKU_3,2025-02,66,2025-07,54,57
SKU_3,2025-02,66,2025-08,55,55
SKU_3,2025-02,66,2025-09,54,52
SKU_3,2025-02,66,2025-10,50,48
SKU_3,2025-02,66,2025-11,35,36
SKU_3,2025-02,66,2025-12,42,41
SKU_3,2025-02,66,2026-01,43,45
SKU_3,2025-02,66,2026-02,39,38
SKU_3,2025-03,65,2025-04,50,52
SKU_3,2025-03,65,2025-05,53,54
SKU_3,2025-03,65,2025-06,61,59
SKU_3,2025-03,65,2025-07,55,57
SKU_3,2025-03,65,2025-08,53,55
SKU_3,2025-03,65,2025-09,51,52
SKU_3,2025-03,65,2025-10,49,48
SKU_3,2025-03,65,2025-11,36,36
SKU_3,2025-03,65,2025-12,42,41
SKU_3,2025-03,65,2026-01,45,45
SKU_3,2025-03,65,2026-02,37,38
SKU_3,2025-03,65,2026-03,36,36
SKU_3,2025-04,63,2025-05,49,54
SKU_3,2025-04,63,2025-06,62,59
SKU_3,2025-04,63,2025-07,57,57
SKU_3,2025-04,63,2025-08,54,55
SKU_3,2025-04,63,2025-09,52,52
SKU_3,2025-04,63,2025-10,50,48
SKU_3,2025-04,63,2025-11,34,36
SKU_3,2025-04,63,2025-12,41,41
SKU_3,2025-04,63,2026-01,45,45
SKU_3,2025-04,63,2026-02,38,38
SKU_3,2025-04,63,2026-03,34,36
SKU_3,2025-04,63,2026-04,34,33
SKU_3,2025-05,56,2025-06,62,59
SKU_3,2025-05,56,2025-07,57,57
SKU_3,2025-05,56,2025-08,56,55
SKU_3,2025-05,56,2025-09,55,52
SKU_3,2025-05,56,2025-10,49,48
SKU_3,2025-05,56,2025-11,34,36
SKU_3,2025-05,56,2025-12,41,41
SKU_3,2025-05,56,2026-01,46,45
SKU_3,2025-05,56,2026-02,38,38
SKU_3,2025-05,56,2026-03,37,36
SKU_3,2025-05,56,2026-04,34,33
SKU_3,2025-05,56,2026-05,31,30
SKU_3,2025-06,62,2025-07,57,57
SKU_3,2025-06,62,2025-08,53,55
SKU_3,2025-06,62,2025-09,55,52
SKU_3,2025-06,62,2025-10,50,48
SKU_3,2025-06,62,2025-11,34,36
SKU_3,2025-06,62,2025-12,42,41
SKU_3,2025-06,62,2026-01,47,45
SKU_3,2025-06,62,2026-02,38,38
SKU_3,2025-06,62,2026-03,37,36
SKU_3,2025-06,62,2026-04,33,33
SKU_3,2025-06,62,2026-05,28,30
SKU_3,2025-06,62,2026-06,19,19
SKU_3,2025-07,62,2025-08,56,55
SKU_3,2025-07,62,2025-09,50,52
SKU_3,2025-07,62,2025-10,47,48
SKU_3,2025-07,62,2025-11,35,36
SKU_3,2025-07,62,2025-12,41,41
SKU_3,2025-07,62,2026-01,47,45
SKU_3,2025-07,62,2026-02,37,38
SKU_3,2025-07,62,2026-03,36,36
SKU_3,2025-07,62,2026-04,34,33
SKU_3,2025-07,62,2026-05,29,30
SKU_3,2025-07,62,2026-06,19,19
SKU_3,2025-07,62,2026-07,16,16
SKU_3,2025-08,61,2025-09,51,52
SKU_3,2025-08,61,2025-10,47,48
SKU_3,2025-08,61,2025-11,36,71
SKU_3,2025-08,61,2025-12,40,41
SKU_3,2025-08,61,2026-01,44,45
SKU_3,2025-08,61,2026-02,37,38
SKU_3,2025-08,61,2026-03,37,18
SKU_3,2025-08,61,2026-04,33,33
SKU_3,2025-08,61,2026-05,28,30
SKU_3,2025-08,61,2026-06,20,10
SKU_3,2025-08,61,2026-07,16,8
SKU_3,2025-08,61,2026-08,20,19
SKU_3,2025-09,67,2025-10,47,48
SKU_3,2025-09,67,2025-11,38,36
SKU_3,2025-09,67,2025-12,39,41
SKU_3,2025-09,67,2026-01,47,45
SKU_3,2025-09,67,2026-02,38,38
SKU_3,2025-09,67,2026-03,37,36
SKU_3,2025-09,67,2026-04,31,33
SKU_3,2025-09,67,2026-05,30,30
SKU_3,2025-09,67,2026-06,19,38
SKU_3,2025-09,67,2026-07,17,16
SKU_3,2025-09,67,2026-08,19,19
SKU_3,2025-09,67,2026-09,31,32
SKU_3,2025-10,63,2025-11,34,36
SKU_3,2025-10,63,2025-12,41,41
SKU_3,2025-10,63,2026-01,46,45
SKU_3,2025-10,63,2026-02,36,38
SKU_3,2025-10,63,2026-03,37,18
SKU_3,2025-10,63,2026-04,33,33
SKU_3,2025-10,63,2026-05,30,30
SKU_3,2025-10,63,2026-06,19,19
SKU_3,2025-10,63,2026-07,16,16
SKU_3,2025-10,63,2026-08,19,19
SKU_3,2025-10,63,2026-09,31,65
SKU_3,2025-10,63,2026-10,34,35
SKU_3,2025-11,68,2025-12,45,41
SKU_3,2025-11,68,2026-01,47,45
SKU_3,2025-11,68,2026-02,38,38
SKU_3,2025-11,68,2026-03,35,36
SKU_3,2025-11,68,2026-04,33,33
SKU_3,2025-11,68,2026-05,29,30
SKU_3,2025-11,68,2026-06,18,19
SKU_3,2025-11,68,2026-07,16,16
SKU_3,2025-11,68,2026-08,20,19
SKU_3,2025-11,68,2026-09,33,32
SKU_3,2025-11,68,2026-10,33,35
SKU_3,2025-11,68,2026-11,35,36
SKU_3,2025-12,70,2026-01,44,45
SKU_3,2025-12,70,2026-02,39,38
SKU_3,2025-12,70,2026-03,34,72
SKU_3,2025-12,70,2026-04,32,33
SKU_3,2025-12,70,2026-05,31,30
SKU_3,2025-12,70,2026-06,19,10
SKU_3,2025-12,70,2026-07,19,16
SKU_3,2025-12,70,2026-08,19,39
SKU_3,2025-12,70,2026-09,31,32
SKU_3,2025-12,70,2026-10,34,35
SKU_3,2025-12,70,2026-11,36,36
SKU_3,2025-12,70,2026-12,35,33
SKU_3,2026-01,66,2026-02,39,38
SKU_3,2026-01,66,2026-03,36,36
SKU_3,2026-01,66,2026-04,33,16
SKU_3,2026-01,66,2026-05,29,30
SKU_3,2026-01,66,2026-06,19,19
SKU_3,2026-01,66,2026-07,17,16
SKU_3,2026-01,66,2026-08,18,19
SKU_3,2026-01,66,2026-09,31,32
SKU_3,2026-01,66,2026-10,34,35
SKU_3,2026-01,66,2026-11,34,36
SKU_3,2026-01,66,2026-12,32,33
SKU_3,2026-02,66,2026-03,37,36
SKU_3,2026-02,66,2026-04,33,33
SKU_3,2026-02,66,2026-05,31,30
SKU_3,2026-02,66,2026-06,20,19
SKU_3,2026-02,66,2026-07,16,16
SKU_3,2026-02,66,2026-08,19,19
SKU_3,2026-02,66,2026-09,32,32
SKU_3,2026-02,66,2026-10,35,35
SKU_3,2026-02,66,2026-11,35,36
SKU_3,2026-02,66,2026-12,34,33
SKU_3,2026-03,72,2026-04,33,33
SKU_3,2026-03,72,2026-05,30,30
SKU_3,2026-03,72,2026-06,19,19
SKU_3,2026-03,72,2026-07,16,16
SKU_3,2026-03,72,2026-08,20,19
SKU_3,2026-03,72,2026-09,33,65
SKU_3,2026-03,72,2026-10,33,35
SKU_3,2026-03,72,2026-11,37,36
SKU_3,2026-03,72,2026-12,33,33
SKU_3,2026-04,77,2026-05,31,30
SKU_3,2026-04,77,2026-06,20,19
SKU_3,2026-04,77,2026-07,16,16
SKU_3,2026-04,77,2026-08,18,19
SKU_3,2026-04,77,2026-09,32,32
SKU_3,2026-04,77,2026-10,35,35
SKU_3,2026-04,77,2026-11,36,36
SKU_3,2026-04,77,2026-12,36,33
SKU_3,2026-05,85,2026-06,19,19
SKU_3,2026-05,85,2026-07,17,16
SKU_3,2026-05,85,2026-08,20,19
SKU_3,2026-05,85,2026-09,32,32
SKU_3,2026-05,85,2026-10,33,35
SKU_3,2026-05,85,2026-11,32,36
SKU_3,2026-05,85,2026-12,35,33
SKU_3,2026-06,88,2026-07,17,16
SKU_3,2026-06,88,2026-08,19,19
SKU_3,2026-06,88,2026-09,33,32
SKU_3,2026-06,88,2026-10,34,35
SKU_3,2026-06,88,2026-11,36,36
SKU_3,2026-06,88,2026-12,34,33
SKU_3,2026-07,105,2026-08,20,19
SKU_3,2026-07,105,2026-09,31,32
SKU_3,2026-07,105,2026-10,33,17
SKU_3,2026-07,105,2026-11,34,36
SKU_3,2026-07,105,2026-12,35,33
SKU_3,2026-08,102,2026-09,34,32
SKU_3,2026-08,102,2026-10,35,35
SKU_3,2026-08,102,2026-11,36,36
SKU_3,2026-08,102,2026-12,34,33
SKU_3,2026-09,101,2026-10,34,35
SKU_3,2026-09,101,2026-11,37,36
SKU_3,2026-09,101,2026-12,30,33
SKU_3,2026-10,102,2026-11,35,36
SKU_3,2026-10,102,2026-12,33,33
SKU_3,2026-11,96,2026-12,32,33
SKU_4,2025-01,50,2025-02,53,55
SKU_4,2025-01,50,2025-03,51,50
SKU_4,2025-01,50,2025-04,50,52
SKU_4,2025-01,50,2025-05,54,54
SKU_4,2025-01,50,2025-06,58,59
SKU_4,2025-01,50,2025-07,56,57
SKU_4,2025-01,50,2025-08,54,55
SKU_4,2025-01,50,2025-09,52,52
SKU_4,2025-01,50,2025-10,49,48
SKU_4,2025-01,50,2025-11,35,36
SKU_4,2025-01,50,2025-12,41,41
SKU_4,2025-01,50,2026-01,45,45
SKU_4,2025-02,57,2025-03,51,50
SKU_4,2025-02,57,2025-04,54,52
SKU_4,2025-02,57,2025-05,55,54
SKU_4,2025-02,57,2025-06,58,59
SKU_4,2025-02,57,2025-07,54,57
SKU_4,2025-02,57,2025-08,53,55
SKU_4,2025-02,57,2025-09,53,52
SKU_4,2025-02,57,2025-10,46,48
SKU_4,2025-02,57,2025-11,36,36
SKU_4,2025-02,57,2025-12,41,41
SKU_4,2025-02,57,2026-01,44,45
SKU_4,2025-02,57,2026-02,39,38
SKU_4,2025-03,54,2025-04,50,52
SKU_4,2025-03,54,2025-05,51,54
SKU_4,2025-03,54,2025-06,61,59
SKU_4,2025-03,54,2025-07,57,57
SKU_4,2025-03,54,2025-08,56,55
SKU_4,2025-03,54,2025-09,52,52
SKU_4,2025-03,54,2025-10,47,48
SKU_4,2025-03,54,2025-11,37,36
SKU_4,2025-03,54,2025-12,42,41
SKU_4,2025-03,54,2026-01,46,45
SKU_4,2025-03,54,2026-02,37,38
SKU_4,2025-03,54,2026-03,37,36
SKU_4,2025-04,49,2025-05,53,54
SKU_4,2025-04,49,2025-06,57,59
SKU_4,2025-04,49,2025-07,59,57
SKU_4,2025-04,49,2025-08,53,55
SKU_4,2025-04,49,2025-09,55,52
SKU_4,2025-04,49,2025-10,48,48
SKU_4,2025-04,49,2025-11,35,36
SKU_4,2025-04,49,2025-12,41,41
SKU_4,2025-04,49,2026-01,47,45
SKU_4,2025-04,49,2026-02,39,38
SKU_4,2025-04,49,2026-03,37,36
SKU_4,2025-04,49,2026-04,33,33
SKU_4,2025-05,46,2025-06,60,59
SKU_4,2025-05,46,2025-07,59,57
SKU_4,2025-05,46,2025-08,53,55
SKU_4,2025-05,46,2025-09,52,52
SKU_4,2025-05,46,2025-10,47,48
SKU_4,2025-05,46,2025-11,37,36
SKU_4,2025-05,46,2025-12,43,41
SKU_4,2025-05,46,2026-01,46,23
SKU_4,2025-05,46,2026-02,39,38
SKU_4,2025-05,46,2026-03,38,36
SKU_4,2025-05,46,2026-04,32,33
SKU_4,2025-05,46,2026-05,30,30
SKU_4,2025-06,50,2025-07,59,57
SKU_4,2025-06,50,2025-08,52,55
SKU_4,2025-06,50,2025-09,53,52
SKU_4,2025-06,50,2025-10,47,48
SKU_4,2025-06,50,2025-11,37,36
SKU_4,2025-06,50,2025-12,43,41
SKU_4,2025-06,50,2026-01,47,45
SKU_4,2025-06,50,2026-02,38,38
SKU_4,2025-06,50,2026-03,38,36
SKU_4,2025-06,50,2026-04,34,33
SKU_4,2025-06,50,2026-05,29,30
SKU_4,2025-06,50,2026-06,20,19
SKU_4,2025-07,52,2025-08,52,55
SKU_4,2025-07,52,2025-09,53,52
SKU_4,2025-07,52,2025-10,47,97
SKU_4,2025-07,52,2025-11,34,36
SKU_4,2025-07,52,2025-12,39,41
SKU_4,2025-07,52,2026-01,46,45
SKU_4,2025-07,52,2026-02,37,38
SKU_4,2025-07,52,2026-03,37,36
SKU_4,2025-07,52,2026-04,31,33
SKU_4,2025-07,52,2026-05,29,30
SKU_4,2025-07,52,2026-06,19,19
SKU_4,2025-07,52,2026-07,17,16
SKU_4,2025-08,48,2025-09,51,52
SKU_4,2025-08,48,2025-10,49,48
SKU_4,2025-08,48,2025-11,37,36
SKU_4,2025-08,48,2025-12,41,41
SKU_4,2025-08,48,2026-01,44,45
SKU_4,2025-08,48,2026-02,36,76
SKU_4,2025-08,48,2026-03,38,36
SKU_4,2025-08,48,2026-04,31,33
SKU_4,2025-08,48,2026-05,31,30
SKU_4,2025-08,48,2026-06,19,19
SKU_4,2025-08,48,2026-07,17,16
SKU_4,2025-08,48,2026-08,20,19
SKU_4,2025-09,50,2025-10,51,48
SKU_4,2025-09,50,2025-11,35,36
SKU_4,2025-09,50,2025-12,42,41
SKU_4,2025-09,50,2026-01,45,45
SKU_4,2025-09,50,2026-02,35,38
SKU_4,2025-09,50,2026-03,37,36
SKU_4,2025-09,50,2026-04,34,33
SKU_4,2025-09,50,2026-05,31,30
SKU_4,2025-09,50,2026-06,20,19
SKU_4,2025-09,50,2026-07,16,16
SKU_4,2025-09,50,2026-08,19,19
SKU_4,2025-09,50,2026-09,33,32
SKU_4,2025-10,50,2025-11,38,36
SKU_4,2025-10,50,2025-12,39,41
SKU_4,2025-10,50,2026-01,45,45
SKU_4,2025-10,50,2026-02,37,38
SKU_4,2025-10,50,2026-03,35,36
SKU_4,2025-10,50,2026-04,32,33
SKU_4,2025-10,50,2026-05,28,30
SKU_4,2025-10,50,2026-06,18,19
SKU_4,2025-10,50,2026-07,17,16
SKU_4,2025-10,50,2026-08,19,19
SKU_4,2025-10,50,2026-09,32,32
SKU_4,2025-10,50,2026-10,35,35
SKU_4,2025-11,55,2025-12,40,41
SKU_4,2025-11,55,2026-01,47,45
SKU_4,2025-11,55,2026-02,39,38
SKU_4,2025-11,55,2026-03,35,36
SKU_4,2025-11,55,2026-04,33,33
SKU_4,2025-11,55,2026-05,31,30
SKU_4,2025-11,55,2026-06,20,19
SKU_4,2025-11,55,2026-07,16,16
SKU_4,2025-11,55,2026-08,20,19
SKU_4,2025-11,55,2026-09,31,32
SKU_4,2025-11,55,2026-10,36,35
SKU_4,2025-11,55,2026-11,35,36
SKU_4,2025-12,51,2026-01,47,45
SKU_4,2025-12,51,2026-02,39,38
SKU_4,2025-12,51,2026-03,37,36
SKU_4,2025-12,51,2026-04,33,33
SKU_4,2025-12,51,2026-05,26,30
SKU_4,2025-12,51,2026-06,19,19
SKU_4,2025-12,51,2026-07,16,16
SKU_4,2025-12,51,2026-08,19,19
SKU_4,2025-12,51,2026-09,33,32
SKU_4,2025-12,51,2026-10,34,35
SKU_4,2025-12,51,2026-11,34,18
SKU_4,2025-12,51,2026-12,35,33
SKU_4,2026-01,49,2026-02,39,38
SKU_4,2026-01,49,2026-03,38,36
SKU_4,2026-01,49,2026-04,34,33
SKU_4,2026-01,49,2026-05,26,30
SKU_4,2026-01,49,2026-06,19,19
SKU_4,2026-01,49,2026-07,17,16
SKU_4,2026-01,49,2026-08,20,19
SKU_4,2026-01,49,2026-09,31,32
SKU_4,2026-01,49,2026-10,36,35
SKU_4,2026-01,49,2026-11,35,36
SKU_4,2026-01,49,2026-12,32,33
SKU_4,2026-02,46,2026-03,36,36
SKU_4,2026-02,46,2026-04,33,33
SKU_4,2026-02,46,2026-05,30,30
SKU_4,2026-02,46,2026-06,18,19
SKU_4,2026-02,46,2026-07,17,16
SKU_4,2026-02,46,2026-08,19,19
SKU_4,2026-02,46,2026-09,31,32
SKU_4,2026-02,46,2026-10,36,35
SKU_4,2026-02,46,2026-11,34,36
SKU_4,2026-02,46,2026-12,35,33
SKU_4,2026-03,38,2026-04,34,33
SKU_4,2026-03,38,2026-05,30,30
SKU_4,2026-03,38,2026-06,19,19
SKU_4,2026-03,38,2026-07,16,16
SKU_4,2026-03,38,2026-08,19,19
SKU_4,2026-03,38,2026-09,32,32
SKU_4,2026-03,38,2026-10,34,35
SKU_4,2026-03,38,2026-11,36,36
SKU_4,2026-03,38,2026-12,33,17
SKU_4,2026-04,39,2026-05,28,30
SKU_4,2026-04,39,2026-06,19,19
SKU_4,2026-04,39,2026-07,17,16
SKU_4,2026-04,39,2026-08,19,19
SKU_4,2026-04,39,2026-09,33,32
SKU_4,2026-04,39,2026-10,35,35
SKU_4,2026-04,39,2026-11,38,36
SKU_4,2026-04,39,2026-12,34,33
SKU_4,2026-05,40,2026-06,20,19
SKU_4,2026-05,40,2026-07,16,16
SKU_4,2026-05,40,2026-08,20,19
SKU_4,2026-05,40,2026-09,33,32
SKU_4,2026-05,40,2026-10,34,35
SKU_4,2026-05,40,2026-11,37,36
SKU_4,2026-05,40,2026-12,37,33
SKU_4,2026-06,40,2026-07,17,16
SKU_4,2026-06,40,2026-08,20,19
SKU_4,2026-06,40,2026-09,34,32
SKU_4,2026-06,40,2026-10,35,35
SKU_4,2026-06,40,2026-11,37,36
SKU_4,2026-06,40,2026-12,34,33
SKU_4,2026-07,38,2026-08,23,19
SKU_4,2026-07,38,2026-09,33,32
SKU_4,2026-07,38,2026-10,36,35
SKU_4,2026-07,38,2026-11,34,36
SKU_4,2026-07,38,2026-12,35,33
SKU_4,2026-08,31,2026-09,34,32
SKU_4,2026-08,31,2026-10,33,35
SKU_4,2026-08,31,2026-11,37,36
SKU_4,2026-08,31,2026-12,32,33
SKU_4,2026-09,29,2026-10,34,35
SKU_4,2026-09,29,2026-11,36,36
SKU_4,2026-09,29,2026-12,32,33
SKU_4,2026-10,27,2026-11,37,36
SKU_4,2026-10,27,2026-12,37,33
SKU_4,2026-11,22,2026-12,33,33
SKU_5,2025-01,69,2025-02,52,55
SKU_5,2025-01,69,2025-03,49,50
SKU_5,2025-01,69,2025-04,49,52
SKU_5,2025-01,69,2025-05,56,54
SKU_5,2025-01,69,2025-06,60,59
SKU_5,2025-01,69,2025-07,55,57
SKU_5,2025-01,69,2025-08,55,55
SKU_5,2025-01,69,2025-09,53,52
SKU_5,2025-01,69,2025-10,50,48
SKU_5,2025-01,69,2025-11,31,36
SKU_5,2025-01,69,2025-12,42,41
SKU_5,2025-01,69,2026-01,45,45
SKU_5,2025-02,69,2025-03,52,50
SKU_5,2025-02,69,2025-04,51,52
SKU_5,2025-02,69,2025-05,54,54
SKU_5,2025-02,69,2025-06,62,59
SKU_5,2025-02,69,2025-07,55,57
SKU_5,2025-02,69,2025-08,57,55
SKU_5,2025-02,69,2025-09,53,52
SKU_5,2025-02,69,2025-10,46,48
SKU_5,2025-02,69,2025-11,35,36
SKU_5,2025-02,69,2025-12,42,41
SKU_5,2025-02,69,2026-01,43,45
SKU_5,2025-02,69,2026-02,38,38
SKU_5,2025-03,69,2025-04,51,52
SKU_5,2025-03,69,2025-05,54,54
SKU_5,2025-03,69,2025-06,57,59
SKU_5,2025-03,69,2025-07,59,28
SKU_5,2025-03,69,2025-08,57,55
SKU_5,2025-03,69,2025-09,55,52
SKU_5,2025-03,69,2025-10,49,48
SKU_5,2025-03,69,2025-11,34,36
SKU_5,2025-03,69,2025-12,42,41
SKU_5,2025-03,69,2026-01,43,45
SKU_5,2025-03,69,2026-02,36,76
SKU_5,2025-03,69,2026-03,36,36
SKU_5,2025-04,60,2025-05,54,54
SKU_5,2025-04,60,2025-06,61,59
SKU_5,2025-04,60,2025-07,55,57
SKU_5,2025-04,60,2025-08,54,55
SKU_5,2025-04,60,2025-09,51,52
SKU_5,2025-04,60,2025-10,51,48
SKU_5,2025-04,60,2025-11,35,36
SKU_5,2025-04,60,2025-12,41,41
SKU_5,2025-04,60,2026-01,44,45
SKU_5,2025-04,60,2026-02,36,38
SKU_5,2025-04,60,2026-03,37,18
SKU_5,2025-04,60,2026-04,32,33
SKU_5,2025-05,54,2025-06,57,59
SKU_5,2025-05,54,2025-07,61,57
SKU_5,2025-05,54,2025-08,56,55
SKU_5,2025-05,54,2025-09,51,52
SKU_5,2025-05,54,2025-10,50,48
SKU_5,2025-05,54,2025-11,34,36
SKU_5,2025-05,54,2025-12,40,41
SKU_5,2025-05,54,2026-01,47,45
SKU_5,2025-05,54,2026-02,38,38
SKU_5,2025-05,54,2026-03,37,36
SKU_5,2025-05,54,2026-04,33,33
SKU_5,2025-05,54,2026-05,29,30
SKU_5,2025-06,49,2025-07,60,57
SKU_5,2025-06,49,2025-08,54,55
SKU_5,2025-06,49,2025-09,54,52
SKU_5,2025-06,49,2025-10,47,48
SKU_5,2025-06,49,2025-11,35,36
SKU_5,2025-06,49,2025-12,39,41
SKU_5,2025-06,49,2026-01,46,45
SKU_5,2025-06,49,2026-02,38,38
SKU_5,2025-06,49,2026-03,38,36
SKU_5,2025-06,49,2026-04,33,33
SKU_5,2025-06,49,2026-05,31,15
SKU_5,2025-06,49,2026-06,19,19
SKU_5,2025-07,49,2025-08,57,55
SKU_5,2025-07,49,2025-09,54,52
SKU_5,2025-07,49,2025-10,50,48
SKU_5,2025-07,49,2025-11,37,36
SKU_5,2025-07,49,2025-12,42,41
SKU_5,2025-07,49,2026-01,46,45
SKU_5,2025-07,49,2026-02,37,38
SKU_5,2025-07,49,2026-03,35,36
SKU_5,2025-07,49,2026-04,34,33
SKU_5,2025-07,49,2026-05,30,30
SKU_5,2025-07,49,2026-06,20,19
SKU_5,2025-07,49,2026-07,16,16
SKU_5,2025-08,47,2025-09,50,52
SKU_5,2025-08,47,2025-10,46,48
SKU_5,2025-08,47,2025-11,36,36
SKU_5,2025-08,47,2025-12,40,41
SKU_5,2025-08,47,2026-01,44,45
SKU_5,2025-08,47,2026-02,38,38
SKU_5,2025-08,47,2026-03,35,36
SKU_5,2025-08,47,2026-04,33,33
SKU_5,2025-08,47,2026-05,29,30
SKU_5,2025-08,47,2026-06,20,19
SKU_5,2025-08,47,2026-07,19,16
SKU_5,2025-08,47,2026-08,19,39
SKU_5,2025-09,43,2025-10,46,48
SKU_5,2025-09,43,2025-11,34,36
SKU_5,2025-09,43,2025-12,40,41
SKU_5,2025-09,43,2026-01,45,45
SKU_5,2025-09,43,2026-02,38,38
SKU_5,2025-09,43,2026-03,35,36
SKU_5,2025-09,43,2026-04,36,33
SKU_5,2025-09,43,2026-05,31,30
SKU_5,2025-09,43,2026-06,20,19
SKU_5,2025-09,43,2026-07,15,16
SKU_5,2025-09,43,2026-08,19,19
SKU_5,2025-09,43,2026-09,31,32
SKU_5,2025-10,43,2025-11,35,36
SKU_5,2025-10,43,2025-12,43,41
SKU_5,2025-10,43,2026-01,44,45
SKU_5,2025-10,43,2026-02,38,38
SKU_5,2025-10,43,2026-03,37,36
SKU_5,2025-10,43,2026-04,34,33
SKU_5,2025-10,43,2026-05,30,30
SKU_5,2025-10,43,2026-06,18,19
SKU_5,2025-10,43,2026-07,16,16
SKU_5,2025-10,43,2026-08,19,19
SKU_5,2025-10,43,2026-09,31,32
SKU_5,2025-10,43,2026-10,34,35
SKU_5,2025-11,45,2025-12,39,41
SKU_5,2025-11,45,2026-01,43,45
SKU_5,2025-11,45,2026-02,38,38
SKU_5,2025-11,45,2026-03,38,36
SKU_5,2025-11,45,2026-04,33,33
SKU_5,2025-11,45,2026-05,30,30
SKU_5,2025-11,45,2026-06,20,19
SKU_5,2025-11,45,2026-07,16,16
SKU_5,2025-11,45,2026-08,19,19
SKU_5,2025-11,45,2026-09,31,32
SKU_5,2025-11,45,2026-10,35,35
SKU_5,2025-11,45,2026-11,36,36
SKU_5,2025-12,44,2026-01,43,45
SKU_5,2025-12,44,2026-02,40,38
SKU_5,2025-12,44,2026-03,35,36
SKU_5,2025-12,44,2026-04,33,33
SKU_5,2025-12,44,2026-05,30,30
SKU_5,2025-12,44,2026-06,20,19
SKU_5,2025-12,44,2026-07,17,16
SKU_5,2025-12,44,2026-08,20,19
SKU_5,2025-12,44,2026-09,32,32
SKU_5,2025-12,44,2026-10,36,35
SKU_5,2025-12,44,2026-11,34,36
SKU_5,2025-12,44,2026-12,35,33
SKU_5,2026-01,41,2026-02,38,38
SKU_5,2026-01,41,2026-03,37,36
SKU_5,2026-01,41,2026-04,33,33
SKU_5,2026-01,41,2026-05,30,30
SKU_5,2026-01,41,2026-06,19,19
SKU_5,2026-01,41,2026-07,17,16
SKU_5,2026-01,41,2026-08,19,19
SKU_5,2026-01,41,2026-09,31,32
SKU_5,2026-01,41,2026-10,34,35
SKU_5,2026-01,41,2026-11,34,36
SKU_5,2026-01,41,2026-12,35,33
SKU_5,2026-02,38,2026-03,32,36
SKU_5,2026-02,38,2026-04,34,33
SKU_5,2026-02,38,2026-05,29,30
SKU_5,2026-02,38,2026-06,19,19
SKU_5,2026-02,38,2026-07,17,16
SKU_5,2026-02,38,2026-08,20,19
SKU_5,2026-02,38,2026-09,32,32
SKU_5,2026-02,38,2026-10,35,35
SKU_5,2026-02,38,2026-11,36,36
SKU_5,2026-02,38,2026-12,35,33
SKU_5,2026-03,40,2026-04,34,33
SKU_5,2026-03,40,2026-05,31,30
SKU_5,2026-03,40,2026-06,20,19
SKU_5,2026-03,40,2026-07,16,16
SKU_5,2026-03,40,2026-08,20,19
SKU_5,2026-03,40,2026-09,28,32
SKU_5,2026-03,40,2026-10,33,35
SKU_5,2026-03,40,2026-11,35,36
SKU_5,2026-03,40,2026-12,33,33
SKU_5,2026-04,40,2026-05,31,30
SKU_5,2026-04,40,2026-06,20,19
SKU_5,2026-04,40,2026-07,17,16
SKU_5,2026-04,40,2026-08,19,19
SKU_5,2026-04,40,2026-09,32,32
SKU_5,2026-04,40,2026-10,34,35
SKU_5,2026-04,40,2026-11,37,36
SKU_5,2026-04,40,2026-12,32,33
SKU_5,2026-05,43,2026-06,20,19
SKU_5,2026-05,43,2026-07,16,16
SKU_5,2026-05,43,2026-08,19,19
SKU_5,2026-05,43,2026-09,33,32
SKU_5,2026-05,43,2026-10,35,35
SKU_5,2026-05,43,2026-11,37,36
SKU_5,2026-05,43,2026-12,35,33
SKU_5,2026-06,37,2026-07,16,16
SKU_5,2026-06,37,2026-08,19,19
SKU_5,2026-06,37,2026-09,33,32
SKU_5,2026-06,37,2026-10,36,17
SKU_5,2026-06,37,2026-11,32,36
SKU_5,2026-06,37,2026-12,34,33
SKU_5,2026-07,33,2026-08,20,19
SKU_5,2026-07,33,2026-09,33,32
SKU_5,2026-07,33,2026-10,33,35
SKU_5,2026-07,33,2026-11,36,36
SKU_5,2026-07,33,2026-12,35,33
SKU_5,2026-08,37,2026-09,31,32
SKU_5,2026-08,37,2026-10,34,35
SKU_5,2026-08,37,2026-11,37,36
SKU_5,2026-08,37,2026-12,32,33
SKU_5,2026-09,33,2026-10,36,35
SKU_5,2026-09,33,2026-11,36,36
SKU_5,2026-09,33,2026-12,32,33
SKU_5,2026-10,39,2026-11,37,36
SKU_5,2026-10,39,2026-12,33,33
SKU_5,2026-11,46,2026-12,33,33
SKU_6,2025-01,51,2025-02,54,55
SKU_6,2025-01,51,2025-03,50,50
SKU_6,2025-01,51,2025-04,50,52
SKU_6,2025-01,51,2025-05,53,54
SKU_6,2025-01,51,2025-06,62,59
SKU_6,2025-01,51,2025-07,55,57
SKU_6,2025-01,51,2025-08,53,55
SKU_6,2025-01,51,2025-09,51,52
SKU_6,2025-01,51,2025-10,50,48
SKU_6,2025-01,51,2025-11,34,36
SKU_6,2025-01,51,2025-12,43,41
SKU_6,2025-01,51,2026-01,45,45
SKU_6,2025-02,46,2025-03,48,50
SKU_6,2025-02,46,2025-04,50,52
SKU_6,2025-02,46,2025-05,55,54
SKU_6,2025-02,46,2025-06,59,59
SKU_6,2025-02,46,2025-07,56,57
SKU_6,2025-02,46,2025-08,57,55
SKU_6,2025-02,46,2025-09,52,52
SKU_6,2025-02,46,2025-10,47,48
SKU_6,2025-02,46,2025-11,36,36
SKU_6,2025-02,46,2025-12,42,41
SKU_6,2025-02,46,2026-01,44,45
SKU_6,2025-02,46,2026-02,37,38
SKU_6,2025-03,44,2025-04,49,52
SKU_6,2025-03,44,2025-05,55,54
SKU_6,2025-03,44,2025-06,60,59
SKU_6,2025-03,44,2025-07,57,114
SKU_6,2025-03,44,2025-08,57,55
SKU_6,2025-03,44,2025-09,54,52
SKU_6,2025-03,44,2025-10,49,48
SKU_6,2025-03,44,2025-11,37,36
SKU_6,2025-03,44,2025-12,40,41
SKU_6,2025-03,44,2026-01,43,45
SKU_6,2025-03,44,2026-02,37,38
SKU_6,2025-03,44,2026-03,35,36
SKU_6,2025-04,45,2025-05,54,54
SKU_6,2025-04,45,2025-06,62,59
SKU_6,2025-04,45,2025-07,54,57
SKU_6,2025-04,45,2025-08,53,55
SKU_6,2025-04,45,2025-09,52,52
SKU_6,2025-04,45,2025-10,50,48
SKU_6,2025-04,45,2025-11,35,36
SKU_6,2025-04,45,2025-12,41,41
SKU_6,2025-04,45,2026-01,43,45
SKU_6,2025-04,45,2026-02,37,19
SKU_6,2025-04,45,2026-03,38,36
SKU_6,2025-04,45,2026-04,34,33
SKU_6,2025-05,43,2025-06,56,59
SKU_6,2025-05,43,2025-07,59,57
SKU_6,2025-05,43,2025-08,56,55
SKU_6,2025-05,43,2025-09,54,52
SKU_6,2025-05,43,2025-10,48,48
SKU_6,2025-05,43,2025-11,36,36
SKU_6,2025-05,43,2025-12,41,41
SKU_6,2025-05,43,2026-01,46,45
SKU_6,2025-05,43,2026-02,37,38
SKU_6,2025-05,43,2026-03,35,36
SKU_6,2025-05,43,2026-04,32,33
SKU_6,2025-05,43,2026-05,30,30
SKU_6,2025-06,36,2025-07,55,57
SKU_6,2025-06,36,2025-08,56,27
SKU_6,2025-06,36,2025-09,55,52
SKU_6,2025-06,36,2025-10,46,48
SKU_6,2025-06,36,2025-11,36,36
SKU_6,2025-06,36,2025-12,41,41
SKU_6,2025-06,36,2026-01,47,45
SKU_6,2025-06,36,2026-02,37,38
SKU_6,2025-06,36,2026-03,37,36
SKU_6,2025-06,36,2026-04,34,33
SKU_6,2025-06,36,2026-05,31,30
SKU_6,2025-06,36,2026-06,20,19
SKU_6,2025-07,37,2025-08,55,55
SKU_6,2025-07,37,2025-09,53,52
SKU_6,2025-07,37,2025-10,50,48
SKU_6,2025-07,37,2025-11,36,36
SKU_6,2025-07,37,2025-12,39,81
SKU_6,2025-07,37,2026-01,47,45
SKU_6,2025-07,37,2026-02,39,38
SKU_6,2025-07,37,2026-03,37,36
SKU_6,2025-07,37,2026-04,32,33
SKU_6,2025-07,37,2026-05,30,30
SKU_6,2025-07,37,2026-06,19,19
SKU_6,2025-07,37,2026-07,16,16
SKU_6,2025-08,32,2025-09,50,52
SKU_6,2025-08,32,2025-10,49,48
SKU_6,2025-08,32,2025-11,37,36
SKU_6,2025-08,32,2025-12,39,41
SKU_6,2025-08,32,2026-01,47,45
SKU_6,2025-08,32,2026-02,38,38
SKU_6,2025-08,32,2026-03,38,36
SKU_6,2025-08,32,2026-04,34,33
SKU_6,2025-08,32,2026-05,30,30
SKU_6,2025-08,32,2026-06,20,19
SKU_6,2025-08,32,2026-07,17,16
SKU_6,2025-08,32,2026-08,19,19
SKU_6,2025-09,35,2025-10,47,48
SKU_6,2025-09,35,2025-11,36,36
SKU_6,2025-09,35,2025-12,42,41
SKU_6,2025-09,35,2026-01,46,23
SKU_6,2025-09,35,2026-02,39,38
SKU_6,2025-09,35,2026-03,36,36
SKU_6,2025-09,35,2026-04,34,33
SKU_6,2025-09,35,2026-05,29,30
SKU_6,2025-09,35,2026-06,19,19
SKU_6,2025-09,35,2026-07,15,16
SKU_6,2025-09,35,2026-08,19,19
SKU_6,2025-09,35,2026-09,32,32
SKU_6,2025-10,31,2025-11,35,36
SKU_6,2025-10,31,2025-12,42,41
SKU_6,2025-10,31,2026-01,45,45
SKU_6,2025-10,31,2026-02,38,38
SKU_6,2025-10,31,2026-03,35,36
SKU_6,2025-10,31,2026-04,32,33
SKU_6,2025-10,31,2026-05,29,30
SKU_6,2025-10,31,2026-06,18,19
SKU_6,2025-10,31,2026-07,16,32
SKU_6,2025-10,31,2026-08,20,19
SKU_6,2025-10,31,2026-09,33,32
SKU_6,2025-10,31,2026-10,35,35
SKU_6,2025-11,39,2025-12,40,41
SKU_6,2025-11,39,2026-01,47,90
SKU_6,2025-11,39,2026-02,38,38
SKU_6,2025-11,39,2026-03,36,36
SKU_6,2025-11,39,2026-04,31,33
SKU_6,2025-11,39,2026-05,29,15
SKU_6,2025-11,39,2026-06,19,19
SKU_6,2025-11,39,2026-07,16,16
SKU_6,2025-11,39,2026-08,20,19
SKU_6,2025-11,39,2026-09,32,32
SKU_6,2025-11,39,2026-10,35,35
SKU_6,2025-11,39,2026-11,37,36
SKU_6,2025-12,36,2026-01,47,45
SKU_6,2025-12,36,2026-02,39,38
SKU_6,2025-12,36,2026-03,38,36
SKU_6,2025-12,36,2026-04,31,33
SKU_6,2025-12,36,2026-05,29,30
SKU_6,2025-12,36,2026-06,18,19
SKU_6,2025-12,36,2026-07,16,16
SKU_6,2025-12,36,2026-08,20,19
SKU_6,2025-12,36,2026-09,32,32
SKU_6,2025-12,36,2026-10,39,35
SKU_6,2025-12,36,2026-11,34,36
SKU_6,2025-12,36,2026-12,35,33
SKU_6,2026-01,35,2026-02,37,38
SKU_6,2026-01,35,2026-03,35,36
SKU_6,2026-01,35,2026-04,33,33
SKU_6,2026-01,35,2026-05,29,30
SKU_6,2026-01,35,2026-06,19,19
SKU_6,2026-01,35,2026-07,16,16
SKU_6,2026-01,35,2026-08,20,19
SKU_6,2026-01,35,2026-09,32,32
SKU_6,2026-01,35,2026-10,31,35
SKU_6,2026-01,35,2026-11,36,36
SKU_6,2026-01,35,2026-12,34,33
SKU_6,2026-02,39,2026-03,35,36
SKU_6,2026-02,39,2026-04,33,33
SKU_6,2026-02,39,2026-05,29,30
SKU_6,2026-02,39,2026-06,19,19
SKU_6,2026-02,39,2026-07,17,16
SKU_6,2026-02,39,2026-08,19,19
SKU_6,2026-02,39,2026-09,32,32
SKU_6,2026-02,39,2026-10,35,35
SKU_6,2026-02,39,2026-11,34,36
SKU_6,2026-02,39,2026-12,34,33
SKU_6,2026-03,34,2026-04,32,33
SKU_6,2026-03,34,2026-05,31,59
SKU_6,2026-03,34,2026-06,19,19
SKU_6,2026-03,34,2026-07,17,16
SKU_6,2026-03,34,2026-08,19,19
SKU_6,2026-03,34,2026-09,31,32
SKU_6,2026-03,34,2026-10,35,35
SKU_6,2026-03,34,2026-11,37,36
SKU_6,2026-03,34,2026-12,34,33
SKU_6,2026-04,35,2026-05,31,30
SKU_6,2026-04,35,2026-06,20,19
SKU_6,2026-04,35,2026-07,16,16
SKU_6,2026-04,35,2026-08,22,19
SKU_6,2026-04,35,2026-09,33,32
SKU_6,2026-04,35,2026-10,34,35
SKU_6,2026-04,35,2026-11,37,36
SKU_6,2026-04,35,2026-12,35,33
SKU_6,2026-05,42,2026-06,19,19
SKU_6,2026-05,42,2026-07,19,16
SKU_6,2026-05,42,2026-08,17,19
SKU_6,2026-05,42,2026-09,32,16
SKU_6,2026-05,42,2026-10,36,35
SKU_6,2026-05,42,2026-11,35,36
SKU_6,2026-05,42,2026-12,34,33
SKU_6,2026-06,35,2026-07,16,16
SKU_6,2026-06,35,2026-08,20,19
SKU_6,2026-06,35,2026-09,29,32
SKU_6,2026-06,35,2026-10,35,35
SKU_6,2026-06,35,2026-11,34,36
SKU_6,2026-06,35,2026-12,34,33
SKU_6,2026-07,36,2026-08,20,39
SKU_6,2026-07,36,2026-09,31,32
SKU_6,2026-07,36,2026-10,33,35
SKU_6,2026-07,36,2026-11,34,36
SKU_6,2026-07,36,2026-12,34,33
SKU_6,2026-08,38,2026-09,33,32
SKU_6,2026-08,38,2026-10,35,35
SKU_6,2026-08,38,2026-11,35,36
SKU_6,2026-08,38,2026-12,33,33
SKU_6,2026-09,42,2026-10,35,35
SKU_6,2026-09,42,2026-11,36,36
SKU_6,2026-09,42,2026-12,35,33
SKU_6,2026-10,37,2026-11,34,36
SKU_6,2026-10,37,2026-12,34,33
SKU_6,2026-11,31,2026-12,33,67
SKU_7,2025-01,53,2025-02,54,55
SKU_7,2025-01,53,2025-03,51,50
SKU_7,2025-01,53,2025-04,53,52
SKU_7,2025-01,53,2025-05,56,54
SKU_7,2025-01,53,2025-06,57,59
SKU_7,2025-01,53,2025-07,55,57
SKU_7,2025-01,53,2025-08,56,55
SKU_7,2025-01,53,2025-09,53,52
SKU_7,2025-01,53,2025-10,47,48
SKU_7,2025-01,53,2025-11,31,36
SKU_7,2025-01,53,2025-12,39,20
SKU_7,2025-01,53,2026-01,47,45
SKU_7,2025-02,55,2025-03,48,50
SKU_7,2025-02,55,2025-04,51,52
SKU_7,2025-02,55,2025-05,52,54
SKU_7,2025-02,55,2025-06,58,59
SKU_7,2025-02,55,2025-07,54,57
SKU_7,2025-02,55,2025-08,55,55
SKU_7,2025-02,55,2025-09,50,52
SKU_7,2025-02,55,2025-10,50,48
SKU_7,2025-02,55,2025-11,35,36
SKU_7,2025-02,55,2025-12,41,41
SKU_7,2025-02,55,2026-01,47,45
SKU_7,2025-02,55,2026-02,39,38
SKU_7,2025-03,56,2025-04,52,52
SKU_7,2025-03,56,2025-05,53,54
SKU_7,2025-03,56,2025-06,58,59
SKU_7,2025-03,56,2025-07,58,57
SKU_7,2025-03,56,2025-08,57,55
SKU_7,2025-03,56,2025-09,50,52
SKU_7,2025-03,56,2025-10,46,48
SKU_7,2025-03,56,2025-11,36,36
SKU_7,2025-03,56,2025-12,41,41
SKU_7,2025-03,56,2026-01,40,45
SKU_7,2025-03,56,2026-02,38,38
SKU_7,2025-03,56,2026-03,38,36
SKU_7,2025-04,61,2025-05,52,54
SKU_7,2025-04,61,2025-06,60,118
SKU_7,2025-04,61,2025-07,55,57
SKU_7,2025-04,61,2025-08,55,55
SKU_7,2025-04,61,2025-09,50,52
SKU_7,2025-04,61,2025-10,48,48
SKU_7,2025-04,61,2025-11,37,36
SKU_7,2025-04,61,2025-12,40,41
SKU_7,2025-04,61,2026-01,46,45
SKU_7,2025-04,61,2026-02,39,38
SKU_7,2025-04,61,2026-03,38,36
SKU_7,2025-04,61,2026-04,32,33
SKU_7,2025-05,62,2025-06,59,59
SKU_7,2025-05,62,2025-07,55,57
SKU_7,2025-05,62,2025-08,57,55
SKU_7,2025-05,62,2025-09,55,52
SKU_7,2025-05,62,2025-10,48,48
SKU_7,2025-05,62,2025-11,37,36
SKU_7,2025-05,62,2025-12,41,41
SKU_7,2025-05,62,2026-01,46,45
SKU_7,2025-05,62,2026-02,36,38
SKU_7,2025-05,62,2026-03,37,36
SKU_7,2025-05,62,2026-04,32,33
SKU_7,2025-05,62,2026-05,31,30
SKU_7,2025-06,56,2025-07,58,114
SKU_7,2025-06,56,2025-08,56,55
SKU_7,2025-06,56,2025-09,50,105
SKU_7,2025-06,56,2025-10,47,48
SKU_7,2025-06,56,2025-11,35,36
SKU_7,2025-06,56,2025-12,40,41
SKU_7,2025-06,56,2026-01,43,45
SKU_7,2025-06,56,2026-02,40,38
SKU_7,2025-06,56,2026-03,36,36
SKU_7,2025-06,56,2026-04,32,33
SKU_7,2025-06,56,2026-05,29,30
SKU_7,2025-06,56,2026-06,19,19
SKU_7,2025-07,62,2025-08,55,55
SKU_7,2025-07,62,2025-09,52,52
SKU_7,2025-07,62,2025-10,50,48
SKU_7,2025-07,62,2025-11,36,36
SKU_7,2025-07,62,2025-12,43,41
SKU_7,2025-07,62,2026-01,47,45
SKU_7,2025-07,62,2026-02,37,38
SKU_7,2025-07,62,2026-03,38,36
SKU_7,2025-07,62,2026-04,32,33
SKU_7,2025-07,62,2026-05,31,30
SKU_7,2025-07,62,2026-06,19,19
SKU_7,2025-07,62,2026-07,17,16
SKU_7,2025-08,69,2025-09,54,52
SKU_7,2025-08,69,2025-10,50,48
SKU_7,2025-08,69,2025-11,37,36
SKU_7,2025-08,69,2025-12,40,41
SKU_7,2025-08,69,2026-01,43,45
SKU_7,2025-08,69,2026-02,38,38
SKU_7,2025-08,69,2026-03,35,36
SKU_7,2025-08,69,2026-04,33,33
SKU_7,2025-08,69,2026-05,29,30
SKU_7,2025-08,69,2026-06,20,19
SKU_7,2025-08,69,2026-07,16,16
SKU_7,2025-08,69,2026-08,20,19
SKU_7,2025-09,73,2025-10,47,48
SKU_7,2025-09,73,2025-11,37,36
SKU_7,2025-09,73,2025-12,42,41
SKU_7,2025-09,73,2026-01,45,45
SKU_7,2025-09,73,2026-02,38,76
SKU_7,2025-09,73,2026-03,37,18
SKU_7,2025-09,73,2026-04,32,33
SKU_7,2025-09,73,2026-05,30,30
SKU_7,2025-09,73,2026-06,19,19
SKU_7,2025-09,73,2026-07,16,16
SKU_7,2025-09,73,2026-08,19,19
SKU_7,2025-09,73,2026-09,31,32
SKU_7,2025-10,68,2025-11,34,36
SKU_7,2025-10,68,2025-12,39,41
SKU_7,2025-10,68,2026-01,44,45
SKU_7,2025-10,68,2026-02,38,38
SKU_7,2025-10,68,2026-03,38,36
SKU_7,2025-10,68,2026-04,33,33
SKU_7,2025-10,68,2026-05,29,30
SKU_7,2025-10,68,2026-06,19,19
SKU_7,2025-10,68,2026-07,16,16
SKU_7,2025-10,68,2026-08,19,19
SKU_7,2025-10,68,2026-09,33,32
SKU_7,2025-10,68,2026-10,34,35
SKU_7,2025-11,65,2025-12,41,41
SKU_7,2025-11,65,2026-01,46,45
SKU_7,2025-11,65,2026-02,37,19
SKU_7,2025-11,65,2026-03,35,36
SKU_7,2025-11,65,2026-04,34,33
SKU_7,2025-11,65,2026-05,30,30
SKU_7,2025-11,65,2026-06,18,19
SKU_7,2025-11,65,2026-07,17,16
SKU_7,2025-11,65,2026-08,19,19
SKU_7,2025-11,65,2026-09,33,32
SKU_7,2025-11,65,2026-10,36,35
SKU_7,2025-11,65,2026-11,35,36
SKU_7,2025-12,60,2026-01,44,90
SKU_7,2025-12,60,2026-02,37,38
SKU_7,2025-12,60,2026-03,36,36
SKU_7,2025-12,60,2026-04,32,33
SKU_7,2025-12,60,2026-05,30,30
SKU_7,2025-12,60,2026-06,18,19
SKU_7,2025-12,60,2026-07,16,16
SKU_7,2025-12,60,2026-08,20,19
SKU_7,2025-12,60,2026-09,33,32
SKU_7,2025-12,60,2026-10,35,35
SKU_7,2025-12,60,2026-11,35,36
SKU_7,2025-12,60,2026-12,34,33
SKU_7,2026-01,64,2026-02,38,38
SKU_7,2026-01,64,2026-03,36,36
SKU_7,2026-01,64,2026-04,32,33
SKU_7,2026-01,64,2026-05,31,30
SKU_7,2026-01,64,2026-06,19,19
SKU_7,2026-01,64,2026-07,16,16
SKU_7,2026-01,64,2026-08,19,19
SKU_7,2026-01,64,2026-09,32,32
SKU_7,2026-01,64,2026-10,36,35
SKU_7,2026-01,64,2026-11,36,36
SKU_7,2026-01,64,2026-12,34,33
SKU_7,2026-02,71,2026-03,37,36
SKU_7,2026-02,71,2026-04,33,33
SKU_7,2026-02,71,2026-05,30,30
SKU_7,2026-02,71,2026-06,18,19
SKU_7,2026-02,71,2026-07,16,16
SKU_7,2026-02,71,2026-08,20,19
SKU_7,2026-02,71,2026-09,31,32
SKU_7,2026-02,71,2026-10,35,35
SKU_7,2026-02,71,2026-11,35,36
SKU_7,2026-02,71,2026-12,32,33
SKU_7,2026-03,73,2026-04,32,16
SKU_7,2026-03,73,2026-05,31,30
SKU_7,2026-03,73,2026-06,20,19
SKU_7,2026-03,73,2026-07,17,8
SKU_7,2026-03,73,2026-08,19,10
SKU_7,2026-03,73,2026-09,31,32
SKU_7,2026-03,73,2026-10,35,35
SKU_7,2026-03,73,2026-11,35,36
SKU_7,2026-03,73,2026-12,34,33
SKU_7,2026-04,78,2026-05,28,30
SKU_7,2026-04,78,2026-06,19,19
SKU_7,2026-04,78,2026-07,13,16
SKU_7,2026-04,78,2026-08,19,19
SKU_7,2026-04,78,2026-09,33,32
SKU_7,2026-04,78,2026-10,35,35
SKU_7,2026-04,78,2026-11,35,36
SKU_7,2026-04,78,2026-12,33,33
SKU_7,2026-05,74,2026-06,16,19
SKU_7,2026-05,74,2026-07,17,16
SKU_7,2026-05,74,2026-08,20,19
SKU_7,2026-05,74,2026-09,34,32
SKU_7,2026-05,74,2026-10,36,35
SKU_7,2026-05,74,2026-11,35,36
SKU_7,2026-05,74,2026-12,34,33
SKU_7,2026-06,75,2026-07,16,16
SKU_7,2026-06,75,2026-08,19,19
SKU_7,2026-06,75,2026-09,33,32
SKU_7,2026-06,75,2026-10,33,35
SKU_7,2026-06,75,2026-11,37,36
SKU_7,2026-06,75,2026-12,33,33
SKU_7,2026-07,69,2026-08,20,19
SKU_7,2026-07,69,2026-09,33,32
SKU_7,2026-07,69,2026-10,36,35
SKU_7,2026-07,69,2026-11,36,36
SKU_7,2026-07,69,2026-12,34,33
SKU_7,2026-08,66,2026-09,31,32
SKU_7,2026-08,66,2026-10,35,35
SKU_7,2026-08,66,2026-11,34,36
SKU_7,2026-08,66,2026-12,37,33
SKU_7,2026-09,70,2026-10,38,35
SKU_7,2026-09,70,2026-11,33,36
SKU_7,2026-09,70,2026-12,32,33
SKU_7,2026-10,69,2026-11,34,36
SKU_7,2026-10,69,2026-12,34,33
SKU_7,2026-11,76,2026-12,32,33
SKU_8,2025-01,51,2025-02,52,27
SKU_8,2025-01,51,2025-03,47,50
SKU_8,2025-01,51,2025-04,54,52
SKU_8,2025-01,51,2025-05,55,54
SKU_8,2025-01,51,2025-06,58,59
SKU_8,2025-01,51,2025-07,56,57
SKU_8,2025-01,51,2025-08,54,55
SKU_8,2025-01,51,2025-09,54,52
SKU_8,2025-01,51,2025-10,49,97
SKU_8,2025-01,51,2025-11,35,36
SKU_8,2025-01,51,2025-12,39,41
SKU_8,2025-01,51,2026-01,43,45
SKU_8,2025-02,54,2025-03,51,50
SKU_8,2025-02,54,2025-04,53,52
SKU_8,2025-02,54,2025-05,52,54
SKU_8,2025-02,54,2025-06,56,59
SKU_8,2025-02,54,2025-07,54,57
SKU_8,2025-02,54,2025-08,57,55
SKU_8,2025-02,54,2025-09,51,52
SKU_8,2025-02,54,2025-10,50,48
SKU_8,2025-02,54,2025-11,33,36
SKU_8,2025-02,54,2025-12,40,41
SKU_8,2025-02,54,2026-01,44,45
SKU_8,2025-02,54,2026-02,37,38
SKU_8,2025-03,50,2025-04,52,52
SKU_8,2025-03,50,2025-05,55,54
SKU_8,2025-03,50,2025-06,60,59
SKU_8,2025-03,50,2025-07,57,57
SKU_8,2025-03,50,2025-08,52,55
SKU_8,2025-03,50,2025-09,55,52
SKU_8,2025-03,50,2025-10,50,48
SKU_8,2025-03,50,2025-11,35,36
SKU_8,2025-03,50,2025-12,43,41
SKU_8,2025-03,50,2026-01,46,45
SKU_8,2025-03,50,2026-02,38,38
SKU_8,2025-03,50,2026-03,37,36
SKU_8,2025-04,44,2025-05,55,54
SKU_8,2025-04,44,2025-06,60,59
SKU_8,2025-04,44,2025-07,55,57
SKU_8,2025-04,44,2025-08,54,55
SKU_8,2025-04,44,2025-09,58,52
SKU_8,2025-04,44,2025-10,47,48
SKU_8,2025-04,44,2025-11,35,36
SKU_8,2025-04,44,2025-12,40,41
SKU_8,2025-04,44,2026-01,45,45
SKU_8,2025-04,44,2026-02,38,38
SKU_8,2025-04,44,2026-03,38,36
SKU_8,2025-04,44,2026-04,32,16
SKU_8,2025-05,47,2025-06,57,59
SKU_8,2025-05,47,2025-07,55,57
SKU_8,2025-05,47,2025-08,57,55
SKU_8,2025-05,47,2025-09,53,52
SKU_8,2025-05,47,2025-10,47,48
SKU_8,2025-05,47,2025-11,37,36
SKU_8,2025-05,47,2025-12,42,41
SKU_8,2025-05,47,2026-01,47,45
SKU_8,2025-05,47,2026-02,40,38
SKU_8,2025-05,47,2026-03,35,36
SKU_8,2025-05,47,2026-04,34,33
SKU_8,2025-05,47,2026-05,30,30
SKU_8,2025-06,46,2025-07,59,57
SKU_8,2025-06,46,2025-08,56,55
SKU_8,2025-06,46,2025-09,54,52
SKU_8,2025-06,46,2025-10,49,48
SKU_8,2025-06,46,2025-11,35,36
SKU_8,2025-06,46,2025-12,41,81
SKU_8,2025-06,46,2026-01,47,45
SKU_8,2025-06,46,2026-02,40,38
SKU_8,2025-06,46,2026-03,35,36
SKU_8,2025-06,46,2026-04,32,33
SKU_8,2025-06,46,2026-05,29,30
SKU_8,2025-06,46,2026-06,20,19
SKU_8,2025-07,49,2025-08,57,55
SKU_8,2025-07,49,2025-09,51,52
SKU_8,2025-07,49,2025-10,48,48
SKU_8,2025-07,49,2025-11,37,36
SKU_8,2025-07,49,2025-12,42,41
SKU_8,2025-07,49,2026-01,45,45
SKU_8,2025-07,49,2026-02,38,38
SKU_8,2025-07,49,2026-03,36,36
SKU_8,2025-07,49,2026-04,32,33
SKU_8,2025-07,49,2026-05,30,30
SKU_8,2025-07,49,2026-06,20,19
SKU_8,2025-07,49,2026-07,17,16
SKU_8,2025-08,52,2025-09,53,52
SKU_8,2025-08,52,2025-10,50,48
SKU_8,2025-08,52,2025-11,34,36
SKU_8,2025-08,52,2025-12,41,41
SKU_8,2025-08,52,2026-01,43,45
SKU_8,2025-08,52,2026-02,37,38
SKU_8,2025-08,52,2026-03,37,36
SKU_8,2025-08,52,2026-04,34,33
SKU_8,2025-08,52,2026-05,28,30
SKU_8,2025-08,52,2026-06,19,19
SKU_8,2025-08,52,2026-07,17,16
SKU_8,2025-08,52,2026-08,19,19
SKU_8,2025-09,51,2025-10,49,48
SKU_8,2025-09,51,2025-11,36,36
SKU_8,2025-09,51,2025-12,38,41
SKU_8,2025-09,51,2026-01,44,45
SKU_8,2025-09,51,2026-02,37,38
SKU_8,2025-09,51,2026-03,37,36
SKU_8,2025-09,51,2026-04,33,33
SKU_8,2025-09,51,2026-05,28,30
SKU_8,2025-09,51,2026-06,20,19
SKU_8,2025-09,51,2026-07,15,16
SKU_8,2025-09,51,2026-08,20,19
SKU_8,2025-09,51,2026-09,31,32
SKU_8,2025-10,47,2025-11,37,36
SKU_8,2025-10,47,2025-12,40,41
SKU_8,2025-10,47,2026-01,44,45
SKU_8,2025-10,47,2026-02,37,38
SKU_8,2025-10,47,2026-03,36,36
SKU_8,2025-10,47,2026-04,34,33
SKU_8,2025-10,47,2026-05,31,30
SKU_8,2025-10,47,2026-06,19,10
SKU_8,2025-10,47,2026-07,16,16
SKU_8,2025-10,47,2026-08,20,19
SKU_8,2025-10,47,2026-09,34,32
SKU_8,2025-10,47,2026-10,35,35
SKU_8,2025-11,39,2025-12,40,41
SKU_8,2025-11,39,2026-01,45,45
SKU_8,2025-11,39,2026-02,39,38
SKU_8,2025-11,39,2026-03,34,36
SKU_8,2025-11,39,2026-04,33,33
SKU_8,2025-11,39,2026-05,29,30
SKU_8,2025-11,39,2026-06,20,19
SKU_8,2025-11,39,2026-07,16,16
SKU_8,2025-11,39,2026-08,20,19
SKU_8,2025-11,39,2026-09,32,32
SKU_8,2025-11,39,2026-10,35,35
SKU_8,2025-11,39,2026-11,34,36
SKU_8,2025-12,37,2026-01,46,45
SKU_8,2025-12,37,2026-02,38,38
SKU_8,2025-12,37,2026-03,36,36
SKU_8,2025-12,37,2026-04,33,66
SKU_8,2025-12,37,2026-05,30,30
SKU_8,2025-12,37,2026-06,20,10
SKU_8,2025-12,37,2026-07,16,16
SKU_8,2025-12,37,2026-08,20,10
SKU_8,2025-12,37,2026-09,32,32
SKU_8,2025-12,37,2026-10,36,35
SKU_8,2025-12,37,2026-11,34,36
SKU_8,2025-12,37,2026-12,36,33
SKU_8,2026-01,41,2026-02,39,38
SKU_8,2026-01,41,2026-03,37,36
SKU_8,2026-01,41,2026-04,34,33
SKU_8,2026-01,41,2026-05,30,30
SKU_8,2026-01,41,2026-06,19,19
SKU_8,2026-01,41,2026-07,16,8
SKU_8,2026-01,41,2026-08,19,19
SKU_8,2026-01,41,2026-09,32,32
SKU_8,2026-01,41,2026-10,36,35
SKU_8,2026-01,41,2026-11,35,36
SKU_8,2026-01,41,2026-12,34,33
SKU_8,2026-02,42,2026-03,37,18
SKU_8,2026-02,42,2026-04,34,33
SKU_8,2026-02,42,2026-05,31,30
SKU_8,2026-02,42,2026-06,19,19
SKU_8,2026-02,42,2026-07,16,16
SKU_8,2026-02,42,2026-08,20,19
SKU_8,2026-02,42,2026-09,33,32
SKU_8,2026-02,42,2026-10,33,35
SKU_8,2026-02,42,2026-11,35,36
SKU_8,2026-02,42,2026-12,34,33
SKU_8,2026-03,36,2026-04,32,33
SKU_8,2026-03,36,2026-05,30,30
SKU_8,2026-03,36,2026-06,19,19
SKU_8,2026-03,36,2026-07,16,32
SKU_8,2026-03,36,2026-08,19,19
SKU_8,2026-03,36,2026-09,32,32
SKU_8,2026-03,36,2026-10,33,35
SKU_8,2026-03,36,2026-11,34,36
SKU_8,2026-03,36,2026-12,34,33
SKU_8,2026-04,37,2026-05,29,30
SKU_8,2026-04,37,2026-06,19,10
SKU_8,2026-04,37,2026-07,16,16
SKU_8,2026-04,37,2026-08,20,19
SKU_8,2026-04,37,2026-09,32,32
SKU_8,2026-04,37,2026-10,34,35
SKU_8,2026-04,37,2026-11,37,36
SKU_8,2026-04,37,2026-12,34,33
SKU_8,2026-05,39,2026-06,19,19
SKU_8,2026-05,39,2026-07,17,16
SKU_8,2026-05,39,2026-08,19,19
SKU_8,2026-05,39,2026-09,32,32
SKU_8,2026-05,39,2026-10,33,35
SKU_8,2026-05,39,2026-11,34,36
SKU_8,2026-05,39,2026-12,34,33
SKU_8,2026-06,35,2026-07,16,16
SKU_8,2026-06,35,2026-08,19,19
SKU_8,2026-06,35,2026-09,33,32
SKU_8,2026-06,35,2026-10,36,35
SKU_8,2026-06,35,2026-11,34,36
SKU_8,2026-06,35,2026-12,34,33
SKU_8,2026-07,35,2026-08,22,19
SKU_8,2026-07,35,2026-09,33,32
SKU_8,2026-07,35,2026-10,35,35
SKU_8,2026-07,35,2026-11,37,36
SKU_8,2026-07,35,2026-12,32,33
SKU_8,2026-08,36,2026-09,31,32
SKU_8,2026-08,36,2026-10,34,35
SKU_8,2026-08,36,2026-11,35,36
SKU_8,2026-08,36,2026-12,32,33
SKU_8,2026-09,30,2026-10,36,35
SKU_8,2026-09,30,2026-11,35,36
SKU_8,2026-09,30,2026-12,33,33
SKU_8,2026-10,32,2026-11,36,36
SKU_8,2026-10,32,2026-12,33,33
SKU_8,2026-11,34,2026-12,34,33
SKU_9,2025-01,36,2025-02,52,55
SKU_9,2025-01,36,2025-03,53,50
SKU_9,2025-01,36,2025-04,49,52
SKU_9,2025-01,36,2025-05,51,54
SKU_9,2025-01,36,2025-06,62,59
SKU_9,2025-01,36,2025-07,55,57
SKU_9,2025-01,36,2025-08,55,55
SKU_9,2025-01,36,2025-09,52,52
SKU_9,2025-01,36,2025-10,48,48
SKU_9,2025-01,36,2025-11,40,36
SKU_9,2025-01,36,2025-12,39,41
SKU_9,2025-01,36,2026-01,46,45
SKU_9,2025-02,32,2025-03,52,50
SKU_9,2025-02,32,2025-04,52,52
SKU_9,2025-02,32,2025-05,56,54
SKU_9,2025-02,32,2025-06,57,59
SKU_9,2025-02,32,2025-07,56,57
SKU_9,2025-02,32,2025-08,53,55
SKU_9,2025-02,32,2025-09,54,52
SKU_9,2025-02,32,2025-10,51,48
SKU_9,2025-02,32,2025-11,35,36
SKU_9,2025-02,32,2025-12,41,41
SKU_9,2025-02,32,2026-01,44,45
SKU_9,2025-02,32,2026-02,38,38
SKU_9,2025-03,34,2025-04,52,52
SKU_9,2025-03,34,2025-05,59,54
SKU_9,2025-03,34,2025-06,60,59
SKU_9,2025-03,34,2025-07,56,57
SKU_9,2025-03,34,2025-08,53,55
SKU_9,2025-03,34,2025-09,51,52
SKU_9,2025-03,34,2025-10,47,97
SKU_9,2025-03,34,2025-11,35,36
SKU_9,2025-03,34,2025-12,42,41
SKU_9,2025-03,34,2026-01,45,45
SKU_9,2025-03,34,2026-02,38,38
SKU_9,2025-03,34,2026-03,35,36
SKU_9,2025-04,36,2025-05,56,54
SKU_9,2025-04,36,2025-06,61,59
SKU_9,2025-04,36,2025-07,54,57
SKU_9,2025-04,36,2025-08,56,55
SKU_9,2025-04,36,2025-09,53,52
SKU_9,2025-04,36,2025-10,46,48
SKU_9,2025-04,36,2025-11,36,36
SKU_9,2025-04,36,2025-12,41,41
SKU_9,2025-04,36,2026-01,44,90
SKU_9,2025-04,36,2026-02,40,38
SKU_9,2025-04,36,2026-03,37,18
SKU_9,2025-04,36,2026-04,33,33
SKU_9,2025-05,36,2025-06,59,59
SKU_9,2025-05,36,2025-07,56,57
SKU_9,2025-05,36,2025-08,56,55
SKU_9,2025-05,36,2025-09,56,52
SKU_9,2025-05,36,2025-10,46,48
SKU_9,2025-05,36,2025-11,36,36
SKU_9,2025-05,36,2025-12,42,41
SKU_9,2025-05,36,2026-01,45,45
SKU_9,2025-05,36,2026-02,36,38
SKU_9,2025-05,36,2026-03,37,36
SKU_9,2025-05,36,2026-04,32,33
SKU_9,2025-05,36,2026-05,29,30
SKU_9,2025-06,41,2025-07,55,57
SKU_9,2025-06,41,2025-08,54,55
SKU_9,2025-06,41,2025-09,54,105
SKU_9,2025-06,41,2025-10,48,48
SKU_9,2025-06,41,2025-11,35,36
SKU_9,2025-06,41,2025-12,42,41
SKU_9,2025-06,41,2026-01,47,45
SKU_9,2025-06,41,2026-02,39,38
SKU_9,2025-06,41,2026-03,35,36
SKU_9,2025-06,41,2026-04,33,33
SKU_9,2025-06,41,2026-05,31,30
SKU_9,2025-06,41,2026-06,23,19
SKU_9,2025-07,49,2025-08,52,27
SKU_9,2025-07,49,2025-09,50,52
SKU_9,2025-07,49,2025-10,48,48
SKU_9,2025-07,49,2025-11,37,36
SKU_9,2025-07,49,2025-12,41,41
SKU_9,2025-07,49,2026-01,45,45
SKU_9,2025-07,49,2026-02,37,38
SKU_9,2025-07,49,2026-03,37,36
SKU_9,2025-07,49,2026-04,34,33
SKU_9,2025-07,49,2026-05,29,30
SKU_9,2025-07,49,2026-06,20,19
SKU_9,2025-07,49,2026-07,17,16
SKU_9,2025-08,49,2025-09,51,52
SKU_9,2025-08,49,2025-10,48,48
SKU_9,2025-08,49,2025-11,35,71
SKU_9,2025-08,49,2025-12,42,41
SKU_9,2025-08,49,2026-01,46,45
SKU_9,2025-08,49,2026-02,39,38
SKU_9,2025-08,49,2026-03,37,36
SKU_9,2025-08,49,2026-04,33,33
SKU_9,2025-08,49,2026-05,31,30
SKU_9,2025-08,49,2026-06,19,19
SKU_9,2025-08,49,2026-07,16,16
SKU_9,2025-08,49,2026-08,20,19
SKU_9,2025-09,57,2025-10,50,48
SKU_9,2025-09,57,2025-11,35,36
SKU_9,2025-09,57,2025-12,42,41
SKU_9,2025-09,57,2026-01,47,45
SKU_9,2025-09,57,2026-02,37,38
SKU_9,2025-09,57,2026-03,35,36
SKU_9,2025-09,57,2026-04,32,16
SKU_9,2025-09,57,2026-05,29,30
SKU_9,2025-09,57,2026-06,19,19
SKU_9,2025-09,57,2026-07,20,8
SKU_9,2025-09,57,2026-08,20,19
SKU_9,2025-09,57,2026-09,34,32
SKU_9,2025-10,62,2025-11,35,36
SKU_9,2025-10,62,2025-12,41,41
SKU_9,2025-10,62,2026-01,43,45
SKU_9,2025-10,62,2026-02,39,38
SKU_9,2025-10,62,2026-03,37,36
SKU_9,2025-10,62,2026-04,33,33
SKU_9,2025-10,62,2026-05,31,30
SKU_9,2025-10,62,2026-06,19,19
SKU_9,2025-10,62,2026-07,17,16
SKU_9,2025-10,62,2026-08,20,19
SKU_9,2025-10,62,2026-09,33,32
SKU_9,2025-10,62,2026-10,33,35
SKU_9,2025-11,64,2025-12,42,41
SKU_9,2025-11,64,2026-01,45,45
SKU_9,2025-11,64,2026-02,37,38
SKU_9,2025-11,64,2026-03,34,36
SKU_9,2025-11,64,2026-04,33,33
SKU_9,2025-11,64,2026-05,30,30
SKU_9,2025-11,64,2026-06,20,19
SKU_9,2025-11,64,2026-07,17,16
SKU_9,2025-11,64,2026-08,19,19
SKU_9,2025-11,64,2026-09,33,32
SKU_9,2025-11,64,2026-10,34,35
SKU_9,2025-11,64,2026-11,37,36
SKU_9,2025-12,66,2026-01,47,45
SKU_9,2025-12,66,2026-02,38,38
SKU_9,2025-12,66,2026-03,37,36
SKU_9,2025-12,66,2026-04,32,33
SKU_9,2025-12,66,2026-05,30,30
SKU_9,2025-12,66,2026-06,20,19
SKU_9,2025-12,66,2026-07,16,16
SKU_9,2025-12,66,2026-08,16,19
SKU_9,2025-12,66,2026-09,32,32
SKU_9,2025-12,66,2026-10,36,35
SKU_9,2025-12,66,2026-11,35,36
SKU_9,2025-12,66,2026-12,32,33
SKU_9,2026-01,61,2026-02,39,38
SKU_9,2026-01,61,2026-03,37,36
SKU_9,2026-01,61,2026-04,32,33
SKU_9,2026-01,61,2026-05,29,30
SKU_9,2026-01,61,2026-06,19,19
SKU_9,2026-01,61,2026-07,16,16
SKU_9,2026-01,61,2026-08,19,19
SKU_9,2026-01,61,2026-09,33,32
SKU_9,2026-01,61,2026-10,35,35
SKU_9,2026-01,61,2026-11,36,36
SKU_9,2026-01,61,2026-12,36,33
SKU_9,2026-02,54,2026-03,37,36
SKU_9,2026-02,54,2026-04,33,33
SKU_9,2026-02,54,2026-05,31,30
SKU_9,2026-02,54,2026-06,19,19
SKU_9,2026-02,54,2026-07,19,16
SKU_9,2026-02,54,2026-08,20,19
SKU_9,2026-02,54,2026-09,32,32
SKU_9,2026-02,54,2026-10,35,35
SKU_9,2026-02,54,2026-11,34,36
SKU_9,2026-02,54,2026-12,32,33
SKU_9,2026-03,56,2026-04,34,33
SKU_9,2026-03,56,2026-05,29,30
SKU_9,2026-03,56,2026-06,20,19
SKU_9,2026-03,56,2026-07,16,16
SKU_9,2026-03,56,2026-08,20,19
SKU_9,2026-03,56,2026-09,33,32
SKU_9,2026-03,56,2026-10,32,35
SKU_9,2026-03,56,2026-11,38,36
SKU_9,2026-03,56,2026-12,32,33
SKU_9,2026-04,52,2026-05,28,30
SKU_9,2026-04,52,2026-06,19,19
SKU_9,2026-04,52,2026-07,16,16
SKU_9,2026-04,52,2026-08,20,19
SKU_9,2026-04,52,2026-09,34,32
SKU_9,2026-04,52,2026-10,36,35
SKU_9,2026-04,52,2026-11,37,36
SKU_9,2026-04,52,2026-12,34,33
SKU_9,2026-05,52,2026-06,19,19
SKU_9,2026-05,52,2026-07,17,16
SKU_9,2026-05,52,2026-08,20,19
SKU_9,2026-05,52,2026-09,33,32
SKU_9,2026-05,52,2026-10,36,35
SKU_9,2026-05,52,2026-11,35,36
SKU_9,2026-05,52,2026-12,33,33
SKU_9,2026-06,50,2026-07,17,16
SKU_9,2026-06,50,2026-08,19,19
SKU_9,2026-06,50,2026-09,32,32
SKU_9,2026-06,50,2026-10,36,35
SKU_9,2026-06,50,2026-11,34,36
SKU_9,2026-06,50,2026-12,33,33
SKU_9,2026-07,42,2026-08,18,19
SKU_9,2026-07,42,2026-09,33,32
SKU_9,2026-07,42,2026-10,36,35
SKU_9,2026-07,42,2026-11,35,36
SKU_9,2026-07,42,2026-12,38,33
SKU_9,2026-08,44,2026-09,32,32
SKU_9,2026-08,44,2026-10,36,35
SKU_9,2026-08,44,2026-11,36,36
SKU_9,2026-08,44,2026-12,34,33
SKU_9,2026-09,43,2026-10,33,35
SKU_9,2026-09,43,2026-11,37,36
SKU_9,2026-09,43,2026-12,34,33
SKU_9,2026-10,44,2026-11,35,36
SKU_9,2026-10,44,2026-12,34,33
SKU_9,2026-11,40,2026-12,33,33
SKU_10,2025-01,51,2025-02,57,55
SKU_10,2025-01,51,2025-03,48,50
SKU_10,2025-01,51,2025-04,53,52
SKU_10,2025-01,51,2025-05,54,54
SKU_10,2025-01,51,2025-06,57,59
SKU_10,2025-01,51,2025-07,55,57
SKU_10,2025-01,51,2025-08,52,110
SKU_10,2025-01,51,2025-09,55,52
SKU_10,2025-01,51,2025-10,47,48
SKU_10,2025-01,51,2025-11,36,36
SKU_10,2025-01,51,2025-12,40,41
SKU_10,2025-01,51,2026-01,44,90
SKU_10,2025-02,47,2025-03,51,50
SKU_10,2025-02,47,2025-04,49,52
SKU_10,2025-02,47,2025-05,56,54
SKU_10,2025-02,47,2025-06,61,59
SKU_10,2025-02,47,2025-07,58,57
SKU_10,2025-02,47,2025-08,55,55
SKU_10,2025-02,47,2025-09,54,52
SKU_10,2025-02,47,2025-10,47,48
SKU_10,2025-02,47,2025-11,34,36
SKU_10,2025-02,47,2025-12,40,41
SKU_10,2025-02,47,2026-01,47,45
SKU_10,2025-02,47,2026-02,36,38
SKU_10,2025-03,48,2025-04,52,52
SKU_10,2025-03,48,2025-05,56,54
SKU_10,2025-03,48,2025-06,61,59
SKU_10,2025-03,48,2025-07,57,57
SKU_10,2025-03,48,2025-08,52,55
SKU_10,2025-03,48,2025-09,54,52
SKU_10,2025-03,48,2025-10,46,48
SKU_10,2025-03,48,2025-11,34,36
SKU_10,2025-03,48,2025-12,39,41
SKU_10,2025-03,48,2026-01,47,45
SKU_10,2025-03,48,2026-02,39,38
SKU_10,2025-03,48,2026-03,37,36
SKU_10,2025-04,47,2025-05,56,54
SKU_10,2025-04,47,2025-06,60,59
SKU_10,2025-04,47,2025-07,57,57
SKU_10,2025-04,47,2025-08,54,55
SKU_10,2025-04,47,2025-09,51,52
SKU_10,2025-04,47,2025-10,48,48
SKU_10,2025-04,47,2025-11,37,36
SKU_10,2025-04,47,2025-12,41,41
SKU_10,2025-04,47,2026-01,47,45
SKU_10,2025-04,47,2026-02,38,38
SKU_10,2025-04,47,2026-03,37,72
SKU_10,2025-04,47,2026-04,33,33
SKU_10,2025-05,43,2025-06,60,59
SKU_10,2025-05,43,2025-07,58,57
SKU_10,2025-05,43,2025-08,53,55
SKU_10,2025-05,43,2025-09,49,52
SKU_10,2025-05,43,2025-10,46,48
SKU_10,2025-05,43,2025-11,35,36
SKU_10,2025-05,43,2025-12,41,41
SKU_10,2025-05,43,2026-01,46,45
SKU_10,2025-05,43,2026-02,40,76
SKU_10,2025-05,43,2026-03,37,36
SKU_10,2025-05,43,2026-04,34,33
SKU_10,2025-05,43,2026-05,30,30
SKU_10,2025-06,54,2025-07,58,57
SKU_10,2025-06,54,2025-08,52,55
SKU_10,2025-06,54,2025-09,51,52
SKU_10,2025-06,54,2025-10,48,48
SKU_10,2025-06,54,2025-11,36,36
SKU_10,2025-06,54,2025-12,42,41
SKU_10,2025-06,54,2026-01,44,45
SKU_10,2025-06,54,2026-02,37,38
SKU_10,2025-06,54,2026-03,35,36
SKU_10,2025-06,54,2026-04,32,33
SKU_10,2025-06,54,2026-05,30,30
SKU_10,2025-06,54,2026-06,19,19
SKU_10,2025-07,56,2025-08,55,55
SKU_10,2025-07,56,2025-09,51,52
SKU_10,2025-07,56,2025-10,47,48
SKU_10,2025-07,56,2025-11,36,36
SKU_10,2025-07,56,2025-12,39,41
SKU_10,2025-07,56,2026-01,43,45
SKU_10,2025-07,56,2026-02,34,38
SKU_10,2025-07,56,2026-03,35,18
SKU_10,2025-07,56,2026-04,32,33
SKU_10,2025-07,56,2026-05,29,30
SKU_10,2025-07,56,2026-06,20,19
SKU_10,2025-07,56,2026-07,16,16
SKU_10,2025-08,46,2025-09,52,52
SKU_10,2025-08,46,2025-10,47,48
SKU_10,2025-08,46,2025-11,37,36
SKU_10,2025-08,46,2025-12,40,41
SKU_10,2025-08,46,2026-01,43,45
SKU_10,2025-08,46,2026-02,38,38
SKU_10,2025-08,46,2026-03,35,36
SKU_10,2025-08,46,2026-04,32,66
SKU_10,2025-08,46,2026-05,30,30
SKU_10,2025-08,46,2026-06,20,19
SKU_10,2025-08,46,2026-07,16,16
SKU_10,2025-08,46,2026-08,20,39
SKU_10,2025-09,46,2025-10,51,48
SKU_10,2025-09,46,2025-11,34,36
SKU_10,2025-09,46,2025-12,40,41
SKU_10,2025-09,46,2026-01,45,45
SKU_10,2025-09,46,2026-02,41,38
SKU_10,2025-09,46,2026-03,36,36
SKU_10,2025-09,46,2026-04,34,33
SKU_10,2025-09,46,2026-05,30,30
SKU_10,2025-09,46,2026-06,19,19
SKU_10,2025-09,46,2026-07,16,16
SKU_10,2025-09,46,2026-08,20,19
SKU_10,2025-09,46,2026-09,34,32
SKU_10,2025-10,42,2025-11,37,36
SKU_10,2025-10,42,2025-12,39,41
SKU_10,2025-10,42,2026-01,46,45
SKU_10,2025-10,42,2026-02,36,38
SKU_10,2025-10,42,2026-03,35,36
SKU_10,2025-10,42,2026-04,31,33
SKU_10,2025-10,42,2026-05,30,30
SKU_10,2025-10,42,2026-06,20,19
SKU_10,2025-10,42,2026-07,16,16
SKU_10,2025-10,42,2026-08,19,19
SKU_10,2025-10,42,2026-09,32,65
SKU_10,2025-10,42,2026-10,34,35
SKU_10,2025-11,46,2025-12,36,41
SKU_10,2025-11,46,2026-01,45,45
SKU_10,2025-11,46,2026-02,39,38
SKU_10,2025-11,46,2026-03,35,36
SKU_10,2025-11,46,2026-04,31,33
SKU_10,2025-11,46,2026-05,29,30
SKU_10,2025-11,46,2026-06,20,19
SKU_10,2025-11,46,2026-07,17,16
SKU_10,2025-11,46,2026-08,20,19
SKU_10,2025-11,46,2026-09,32,65
SKU_10,2025-11,46,2026-10,35,35
SKU_10,2025-11,46,2026-11,34,18
SKU_10,2025-12,41,2026-01,46,45
SKU_10,2025-12,41,2026-02,40,38
SKU_10,2025-12,41,2026-03,37,36
SKU_10,2025-12,41,2026-04,34,33
SKU_10,2025-12,41,2026-05,30,30
SKU_10,2025-12,41,2026-06,18,19
SKU_10,2025-12,41,2026-07,14,16
SKU_10,2025-12,41,2026-08,19,39
SKU_10,2025-12,41,2026-09,32,32
SKU_10,2025-12,41,2026-10,33,35
SKU_10,2025-12,41,2026-11,34,36
SKU_10,2025-12,41,2026-12,33,33
SKU_10,2026-01,40,2026-02,40,38
SKU_10,2026-01,40,2026-03,36,36
SKU_10,2026-01,40,2026-04,33,33
SKU_10,2026-01,40,2026-05,28,30
SKU_10,2026-01,40,2026-06,21,19
SKU_10,2026-01,40,2026-07,16,16
SKU_10,2026-01,40,2026-08,19,39
SKU_10,2026-01,40,2026-09,33,32
SKU_10,2026-01,40,2026-10,35,35
SKU_10,2026-01,40,2026-11,37,36
SKU_10,2026-01,40,2026-12,34,33
SKU_10,2026-02,42,2026-03,36,36
SKU_10,2026-02,42,2026-04,33,33
SKU_10,2026-02,42,2026-05,26,30
SKU_10,2026-02,42,2026-06,19,19
SKU_10,2026-02,42,2026-07,14,16
SKU_10,2026-02,42,2026-08,19,19
SKU_10,2026-02,42,2026-09,33,32
SKU_10,2026-02,42,2026-10,36,35
SKU_10,2026-02,42,2026-11,37,36
SKU_10,2026-02,42,2026-12,35,33
SKU_10,2026-03,46,2026-04,33,33
SKU_10,2026-03,46,2026-05,29,30
SKU_10,2026-03,46,2026-06,19,19
SKU_10,2026-03,46,2026-07,19,16
SKU_10,2026-03,46,2026-08,20,19
SKU_10,2026-03,46,2026-09,33,32
SKU_10,2026-03,46,2026-10,35,35
SKU_10,2026-03,46,2026-11,35,36
SKU_10,2026-03,46,2026-12,32,33
SKU_10,2026-04,40,2026-05,29,30
SKU_10,2026-04,40,2026-06,19,19
SKU_10,2026-04,40,2026-07,17,16
SKU_10,2026-04,40,2026-08,19,19
SKU_10,2026-04,40,2026-09,31,32
SKU_10,2026-04,40,2026-10,33,35
SKU_10,2026-04,40,2026-11,36,36
SKU_10,2026-04,40,2026-12,34,33
SKU_10,2026-05,38,2026-06,19,19
SKU_10,2026-05,38,2026-07,16,16
SKU_10,2026-05,38,2026-08,19,19
SKU_10,2026-05,38,2026-09,32,32
SKU_10,2026-05,38,2026-10,35,35
SKU_10,2026-05,38,2026-11,36,36
SKU_10,2026-05,38,2026-12,36,33
SKU_10,2026-06,35,2026-07,16,16
SKU_10,2026-06,35,2026-08,20,19
SKU_10,2026-06,35,2026-09,32,32
SKU_10,2026-06,35,2026-10,35,35
SKU_10,2026-06,35,2026-11,34,36
SKU_10,2026-06,35,2026-12,33,33
SKU_10,2026-07,31,2026-08,18,19
SKU_10,2026-07,31,2026-09,32,32
SKU_10,2026-07,31,2026-10,36,35
SKU_10,2026-07,31,2026-11,35,36
SKU_10,2026-07,31,2026-12,32,33
SKU_10,2026-08,40,2026-09,31,32
SKU_10,2026-08,40,2026-10,34,35
SKU_10,2026-08,40,2026-11,34,36
SKU_10,2026-08,40,2026-12,32,33
SKU_10,2026-09,41,2026-10,36,69
SKU_10,2026-09,41,2026-11,35,36
SKU_10,2026-09,41,2026-12,33,33
SKU_10,2026-10,34,2026-11,37,36
SKU_10,2026-10,34,2026-12,32,33
SKU_10,2026-11,39,2026-12,35,33
